# vtk DataFile Version 2.0
m12_socket_head_screw_bolt_PRINT_VERSION_bounding_cylinder_v3, Created by Gmsh 4.14.1 
ASCII
DATASET UNSTRUCTURED_GRID
POINTS 856 double
3.867434978485107 -8.927889823913574 -1.886371493339539
3.867468118667603 -8.963371276855469 -1.709854483604431
-4.506070613861084 -8.963371276855469 -1.709854483604431
3.867513418197632 -9.011926651000977 1.432057619094849
3.867468118667603 -8.963371276855469 1.709854483604431
-4.506070613861084 -8.963371276855469 1.709854483604431
3.862350225448608 -3.484945058822632 8.433314323425293
3.862232685089111 -3.359136581420898 8.484210968017578
-4.506070613861084 -3.359136581420898 8.484210968017578
3.859312534332275 -0.233159601688385 9.122020721435547
3.859094619750977 1.24266378437321e-11 9.125
-4.506070613861084 1.117490143796125e-15 9.125
3.855782270431519 3.545525312423706 -8.408024787902832
3.855956554412842 3.359136581420898 -8.484210968017578
-4.506070613861084 3.359136581420898 -8.484210968017578
3.866031408309937 -7.425365447998047 -5.303731441497803
3.866291999816895 -7.704492092132568 -4.889419078826904
-4.506070613861084 -7.704492092132568 -4.889419078826904
3.865968942642212 -7.358521461486816 -5.396092414855957
-4.506070613861084 -7.030933380126953 -5.816493988037109
3.865663051605225 -7.030936717987061 -5.8164963722229
3.865505933761597 -6.863120079040527 -6.013585090637207
-4.506070613861084 -6.246492385864258 -6.651838779449463
3.864967823028564 -6.286764144897461 -6.613790035247803
3.864105224609375 -5.363540649414062 -7.382280349731445
3.864373207092285 -5.650595664978027 -7.164942264556885
-4.506070613861084 -5.363540172576904 -7.382280349731445
3.864675760269165 -5.974220752716064 -6.897413730621338
3.864929914474487 -6.246492385864258 -6.651838779449463
3.863739013671875 -4.97160530090332 -7.651716709136963
-4.506070613861084 -4.396002292633057 -7.996298313140869
3.863201141357422 -4.396002292633057 -7.996298313140869
3.862232685089111 -3.359136581420898 -8.484210968017578
3.862365961074829 -3.501586198806763 -8.426417350769043
-4.506070613861084 -3.359136581420898 -8.484210968017578
3.862723827362061 -3.884701728820801 -8.25679874420166
3.863071918487549 -4.257491111755371 -8.070898056030273
-4.506070613861084 -2.269295215606689 -8.838320732116699
3.861627578735352 -2.71122145652771 -8.712915420532227
3.861998558044434 -3.108664512634277 -8.579151153564453
3.860162973403931 -1.143665790557861 -9.053047180175781
3.860376596450806 -1.372116565704346 -9.021248817443848
-4.506070613861084 -1.143665790557861 -9.053047180175781
3.860873222351074 -1.903772354125977 -8.924202919006348
3.861214399337769 -2.269295454025269 -8.838322639465332
3.859094619750977 2.765454309994198e-09 -9.125
3.859207391738892 -0.1206919327378273 -9.124201774597168
-4.506070613861084 0 -9.125
3.859601020812988 -0.5420486330986023 -9.108885765075684
3.859990835189819 -0.9592874050140381 -9.074436187744141
3.856894731521606 2.354703903198242 -8.815950393676758
3.856974601745605 2.269295215606689 -8.838320732116699
-4.506070613861084 2.269295215606689 -8.838320732116699
3.857275485992432 1.9472736120224 -8.91480541229248
-4.506070613861084 1.143665790557861 -9.053047180175781
3.858039855957031 1.129078507423401 -9.054878234863281
3.858815670013428 0.2986486554145813 -9.120111465454102
3.856517791748047 2.758281946182251 -8.698131561279297
3.855082273483276 4.295090198516846 -8.050951957702637
-4.506070613861084 4.396002292633057 -7.996298313140869
3.854987859725952 4.396002292633057 -7.996298313140869
3.854413986206055 5.010318756103516 -7.626423358917236
-4.506070613861084 5.363540172576904 -7.382280349731445
3.854091882705688 5.355011463165283 -7.388468742370605
-4.506070613861084 7.030933380126953 -5.816493988037109
3.852526426315308 7.030933380126953 -5.816493988037109
3.852660417556763 6.887319087982178 -5.985855102539062
-4.506070613861084 6.246492385864258 -6.651838779449463
3.853193759918213 6.316577434539795 -6.585331916809082
3.853259086608887 6.246496677398682 -6.651843547821045
3.853781938552856 5.687110900878906 -7.135993003845215
3.851897001266479 7.704492092132568 -4.889419078826904
3.851954221725464 7.643392086029053 -4.98439359664917
-4.506070613861084 7.704492092132568 -4.889419078826904
3.852177143096924 7.404834270477295 -5.332358837127686
3.852412462234497 7.152812004089355 -5.665942668914795
-4.506070613861084 8.678390502929688 -2.819780111312866
3.851085662841797 8.573136329650879 -3.125212430953979
-4.506070613861084 8.256546974182129 -3.885236024856567
3.851383924484253 8.253899574279785 -3.890858888626099
3.851747751235962 7.864399909973145 -4.627833843231201
-4.506070613861084 8.963371276855469 -1.709854483604431
3.850721120834351 8.963371276855469 -1.709854602813721
3.850851535797119 8.823863983154297 -2.324877023696899
3.850960254669189 8.707453727722168 -2.728713035583496
3.850987434387207 8.678390502929688 -2.819780111312866
-4.506070613861084 9.106993675231934 -0.5729634761810303
3.850600242614746 9.092866897583008 -0.7651376724243164
3.85068678855896 9.00017261505127 -1.504167437553406
3.850586891174316 9.106993675231934 0.5729634761810303
3.850582361221313 9.112048149108887 0.4860112071037292
-4.506070613861084 9.106993675231934 0.5729634761810303
3.850570440292358 9.124764442443848 0.06555618345737457
3.850586891174316 9.106993675231934 -0.5729634761810303
-4.506070613861084 8.963371276855469 1.709854483604431
3.850721120834351 8.963371276855469 1.709854602813721
3.850612163543701 9.079997062683105 0.9051390886306763
3.851157426834106 8.496456146240234 3.32804274559021
3.850987434387207 8.678390502929688 2.819780111312866
-4.506070613861084 8.678390502929688 2.819780111312866
3.85090708732605 8.764384269714355 2.539920091629028
3.850725412368774 8.958725929260254 1.734026312828064
3.851309537887573 8.33343505859375 3.717456102371216
-4.506070613861084 8.256546974182129 3.885236024856567
3.851381301879883 8.256546974182129 3.885236024856567
-4.506070613861084 7.704492092132568 4.889419078826904
3.851859331130981 7.745019435882568 4.824976921081543
3.85147762298584 8.153631210327148 4.096817493438721
3.852543354034424 7.012811183929443 5.838330745697021
3.852526426315308 7.030933380126953 5.816493988037109
-4.506070613861084 7.030933380126953 5.816493988037109
3.852301597595215 7.271725654602051 5.512497901916504
3.851897001266479 7.704497814178467 4.889423370361328
-4.506070613861084 6.246492385864258 6.651838779449463
3.853259086608887 6.246492385864258 6.651838779449463
3.853070020675659 6.448854923248291 6.455842018127441
3.852800130844116 6.737705707550049 6.153774738311768
-4.506070613861084 5.363540172576904 7.382280349731445
3.854084014892578 5.363540172576904 7.382280349731445
3.853952169418335 5.504659175872803 7.277660846710205
3.853352069854736 6.147108554840088 6.743788719177246
-4.506070613861084 4.396002292633057 7.996298313140869
3.854987859725952 4.396002292633057 7.996298313140869
3.854600429534912 4.810667037963867 7.753909111022949
3.854272127151489 5.16215181350708 7.52448034286499
3.856354951858521 2.932900667190552 8.640817642211914
-4.506070613861084 3.359136581420898 8.484210968017578
3.856728792190552 2.532565593719482 8.766511917114258
-4.506070613861084 2.269295215606689 8.838320732116699
3.855988502502441 3.324911117553711 8.497681617736816
3.855956554412842 3.359136581420898 8.484210968017578
3.855281352996826 4.081969261169434 8.161075592041016
3.858026266098022 1.143666505813599 9.05305290222168
3.857765436172485 1.422966122627258 9.013367652893066
-4.506070613861084 1.143665790557861 9.053047180175781
3.857491731643677 1.715795993804932 8.962236404418945
3.856974601745605 2.269295215606689 8.838320732116699
3.858534812927246 0.5991126894950867 9.105310440063477
3.859706401824951 -0.6547883152961731 9.101476669311523
-4.506070613861084 -1.143665790557861 9.053047180175781
3.86009669303894 -1.072678685188293 9.061732292175293
-4.506070613861084 -2.269295215606689 8.838320732116699
3.860866069793701 -1.8964524269104 8.925754547119141
3.860162973403931 -1.143665790557861 9.053047180175781
3.861984729766846 -3.093689680099487 8.584562301635742
3.861615180969238 -2.698117971420288 8.716982841491699
3.861214399337769 -2.269295215606689 8.838321685791016
3.863061428070068 -4.245998859405518 8.076950073242188
-4.506070613861084 -4.396002292633057 7.996298313140869
3.863201141357422 -4.396002292633057 7.996298313140869
3.863733768463135 -4.965857028961182 7.655456066131592
-4.506070613861084 -5.363540172576904 7.382280349731445
3.864105224609375 -5.363540172576904 7.382280349731445
3.864929914474487 -6.246492385864258 6.651838779449463
3.864758014678955 -6.062200546264648 6.820215702056885
-4.506070613861084 -6.246492385864258 6.651838779449463
3.864459276199341 -5.742515563964844 7.091483592987061
3.864151000976562 -5.412621974945068 7.346370220184326
-4.506070613861084 -7.030933380126953 5.816493988037109
3.865319967269897 -6.663962364196777 6.233557224273682
3.86504602432251 -6.370609760284424 6.533066749572754
3.866291999816895 -7.704492092132568 4.889419078826904
3.866272687911987 -7.683760166168213 4.92193603515625
-4.506070613861084 -7.704492092132568 4.889419078826904
3.865824699401855 -7.20430326461792 5.600325584411621
3.865663051605225 -7.030937671661377 5.816497802734375
3.866476774215698 -7.90204381942749 4.563259124755859
-4.506070613861084 -8.256546974182129 3.885236024856567
3.866665363311768 -8.103864669799805 4.19440221786499
-4.506070613861084 -8.678390502929688 2.819780111312866
3.866992950439453 -8.45463752746582 3.432890653610229
3.866807699203491 -8.256546974182129 3.885236024856567
3.867443084716797 -8.936648368835449 1.844436287879944
3.867251634597778 -8.731501579284668 2.650758028030396
3.867202043533325 -8.678390502929688 2.819780111312866
3.867565870285034 -9.067960739135742 1.018678784370422
-4.506070613861084 -9.106993675231934 0.5729634761810303
3.867602109909058 -9.106993675231934 0.5729634761810303
3.86761736869812 -9.123136520385742 0.1847386956214905
-4.506070613861084 -9.106993675231934 -0.5729634761810303
3.867602109909058 -9.10699462890625 -0.5729634761810303
3.867507457733154 -9.005501747131348 -1.471921682357788
3.86756157875061 -9.063540458679199 -1.057291507720947
3.867598056793213 -9.102327346801758 -0.6428478956222534
3.867345094680786 -8.831788063049316 -2.294593811035156
-4.506070613861084 -8.678390502929688 -2.819780111312866
3.867202043533325 -8.678390502929688 -2.819780111312866
3.867115259170532 -8.585740089416504 -3.090421676635742
-4.506070613861084 -8.256546974182129 -3.885236024856567
3.866819858551025 -8.269366264343262 -3.857877016067505
3.866456031799316 -7.87984037399292 -4.601493358612061
3.866646289825439 -8.083427429199219 -4.233654022216797
3.866807699203491 -8.256546974182129 -3.885236024856567
5.900000095367432 0 5.90500020980835
22.92005920410156 0.9237455129623413 5.832299709320068
5.900000095367432 0.9237455129623413 5.832299709320068
22.92005920410156 1.824745297431946 5.615988731384277
5.900000095367432 1.824745297431946 5.615988731384277
22.92005920410156 2.680813789367676 5.261393547058105
5.900000095367432 2.680813789367676 5.261393547058105
22.92005920410156 3.470871925354004 4.777245044708252
5.900000095367432 3.470871925354004 4.777245044708252
22.92005920410156 4.17546558380127 4.17546558380127
5.900000095367432 4.17546558380127 4.17546558380127
22.92005920410156 4.777245044708252 3.470871925354004
5.900000095367432 4.777245044708252 3.470871925354004
22.92005920410156 5.261393547058105 2.680813789367676
5.900000095367432 5.261393547058105 2.680813789367676
22.92005920410156 5.615988731384277 1.824745297431946
5.900000095367432 5.615988731384277 1.824745297431946
22.92005920410156 5.832299709320068 0.9237455129623413
5.900000095367432 5.832299709320068 0.9237455129623413
22.92005920410156 5.90500020980835 3.61576951131163e-16
5.900000095367432 5.90500020980835 3.61576951131163e-16
22.92005920410156 5.832299709320068 -0.9237455129623413
5.900000095367432 5.832299709320068 -0.9237455129623413
22.92005920410156 5.615988731384277 -1.824745297431946
5.900000095367432 5.615988731384277 -1.824745297431946
22.92005920410156 5.261393547058105 -2.680813789367676
5.900000095367432 5.261393547058105 -2.680813789367676
22.92005920410156 4.777245044708252 -3.470871925354004
5.900000095367432 4.777245044708252 -3.470871925354004
22.92005920410156 4.17546558380127 -4.17546558380127
5.900000095367432 4.17546558380127 -4.17546558380127
22.92005920410156 3.470871925354004 -4.777245044708252
5.900000095367432 3.470871925354004 -4.777245044708252
22.92005920410156 2.680813789367676 -5.261393547058105
5.900000095367432 2.680813789367676 -5.261393547058105
22.92005920410156 1.824745297431946 -5.615988731384277
5.900000095367432 1.824745297431946 -5.615988731384277
22.92005920410156 0.9237455129623413 -5.832299709320068
5.900000095367432 0.9237455129623413 -5.832299709320068
22.92005920410156 7.231539022623261e-16 -5.90500020980835
5.900000095367432 7.231539022623261e-16 -5.90500020980835
22.92005920410156 -0.9237455129623413 -5.832299709320068
5.900000095367432 -0.9237455129623413 -5.832299709320068
22.92005920410156 -1.824745297431946 -5.615988731384277
5.900000095367432 -1.824745297431946 -5.615988731384277
22.92005920410156 -2.680813789367676 -5.261393547058105
5.900000095367432 -2.680813789367676 -5.261393547058105
22.92005920410156 -3.470871925354004 -4.777245044708252
5.900000095367432 -3.470871925354004 -4.777245044708252
22.92005920410156 -4.17546558380127 -4.17546558380127
5.900000095367432 -4.17546558380127 -4.17546558380127
22.92005920410156 -4.777245044708252 -3.470871925354004
5.900000095367432 -4.777245044708252 -3.470871925354004
22.92005920410156 -5.261393547058105 -2.680813789367676
5.900000095367432 -5.261393547058105 -2.680813789367676
22.92005920410156 -5.615988731384277 -1.824745297431946
5.900000095367432 -5.615988731384277 -1.824745297431946
22.92005920410156 -5.832299709320068 -0.9237455129623413
5.900000095367432 -5.832299709320068 -0.9237455129623413
22.92005920410156 -5.90500020980835 -1.084730932802828e-15
5.900000095367432 -5.90500020980835 -1.084730932802828e-15
22.92005920410156 -5.832299709320068 0.9237455129623413
5.900000095367432 -5.832299709320068 0.9237455129623413
22.92005920410156 -5.615988731384277 1.824745297431946
5.900000095367432 -5.615988731384277 1.824745297431946
22.92005920410156 -5.261393547058105 2.680813789367676
5.900000095367432 -5.261393547058105 2.680813789367676
22.92005920410156 -4.777245044708252 3.470871925354004
5.900000095367432 -4.777245044708252 3.470871925354004
22.92005920410156 -4.17546558380127 4.17546558380127
5.900000095367432 -4.17546558380127 4.17546558380127
22.92005920410156 -3.470871925354004 4.777245044708252
5.900000095367432 -3.470871925354004 4.777245044708252
22.92005920410156 -2.680813789367676 5.261393547058105
5.900000095367432 -2.680813789367676 5.261393547058105
22.92005920410156 -1.824745297431946 5.615988731384277
5.900000095367432 -1.824745297431946 5.615988731384277
22.92005920410156 -0.9237455129623413 5.832299709320068
5.900000095367432 -0.9237455129623413 5.832299709320068
22.92005920410156 0 5.90500020980835
5.900000095367432 -3.192255735397339 -8.14787769317627
5.900000095367432 -2.423170804977417 -8.406986236572266
5.900000095367432 -1.63337254524231 -8.59367561340332
5.900000095367432 -0.8296559453010559 -8.706336975097656
5.900000095367432 -6.459750652313232 -5.913898944854736
5.900000095367432 -5.932901382446289 -6.440747737884521
5.900000095367432 8.574690818786621 1.614315390586853
5.900000095367432 -5.310267448425293 -6.961317539215088
5.900000095367432 -4.642045497894287 -7.421920776367188
5.900000095367432 -3.934009075164795 -7.818577766418457
5.900000095367432 -7.440906524658203 -4.623071670532227
5.900000095367432 -6.980315685272217 -5.291272163391113
5.900000095367432 -8.612679481506348 -1.614374041557312
5.900000095367432 -8.725345611572266 -0.8106039762496948
5.900000095367432 -8.76300048828125 0
5.900000095367432 -8.425980567932129 -2.404203414916992
5.900000095367432 -8.166863441467285 -3.17330002784729
5.900000095367432 -7.837560176849365 -3.915050029754639
5.900000095367432 -8.166826248168945 3.173395872116089
5.900000095367432 -8.425948143005371 2.404315710067749
5.900000095367432 -7.440844058990479 4.623172283172607
5.900000095367432 -7.837513446807861 3.915142774581909
5.900000095367432 -6.459648132324219 5.914010047912598
5.900000095367432 -6.980229377746582 5.291386127471924
5.900000095367432 -4.642201900482178 7.421823024749756
5.900000095367432 -5.310394763946533 6.961221218109131
5.900000095367432 -5.933012962341309 6.440645694732666
5.900000095367432 -0.8297538757324219 8.706327438354492
5.900000095367432 -1.633522510528564 8.593647956848145
5.900000095367432 0.7915965914726257 8.706342697143555
5.900000095367432 -0.0189999733120203 8.743995666503906
5.900000095367432 -8.612651824951172 1.614521145820618
5.900000095367432 -8.725326538085938 0.8108070492744446
5.900000095367432 -8.753574371337891 0.4058408141136169
5.900000095367432 -2.423349380493164 8.406935691833496
5.900000095367432 -3.192442178726196 8.147805213928223
5.900000095367432 -3.934186935424805 7.818489551544189
5.900000095367432 3.154200077056885 8.14789867401123
5.900000095367432 2.385113477706909 8.407003402709961
5.900000095367432 1.595313787460327 8.593687057495117
5.900000095367432 4.603994846343994 7.421952247619629
5.900000095367432 3.895955562591553 7.818604946136475
5.900000095367432 5.894857406616211 6.440788269042969
5.900000095367432 5.272220134735107 6.961353778839111
5.900000095367432 8.687351226806641 0.8105446100234985
5.900000095367432 8.72499942779541 -8.673057163832709e-05
5.900000095367432 8.687326431274414 -0.8108071088790894
5.900000095367432 8.128826141357422 -3.173395872116089
5.900000095367432 8.387948036193848 -2.404315710067749
5.900000095367432 8.574651718139648 -1.614521145820618
5.900000095367432 5.895012855529785 -6.440645694732666
5.900000095367432 6.421648502349854 -5.914010047912598
5.900000095367432 4.604202270507812 -7.421823024749756
5.900000095367432 5.272395133972168 -6.961221218109131
5.900000095367432 -0.0189999733120203 -8.743995666503906
5.900000095367432 0.7917539477348328 -8.706327438354492
5.900000095367432 1.59552264213562 -8.593647956848145
5.900000095367432 7.402938365936279 4.623021125793457
5.900000095367432 6.942351818084717 5.291224479675293
5.900000095367432 6.421791076660156 5.913855075836182
5.900000095367432 6.942229270935059 -5.291386127471924
5.900000095367432 7.402843952178955 -4.623172283172607
5.900000095367432 7.799513816833496 -3.915142774581909
5.900000095367432 2.385349273681641 -8.406935691833496
5.900000095367432 3.154442071914673 -8.147805213928223
5.900000095367432 3.896186828613281 -7.818489551544189
5.900000095367432 8.387996673583984 2.404145956039429
5.900000095367432 8.128885269165039 3.173244714736938
5.900000095367432 7.799586772918701 3.91499662399292
4.01189661026001 -3.621460914611816 8.134298324584961
4.011393070220947 -3.092896699905396 8.34829044342041
4.011485576629639 -3.117861986160278 8.416129112243652
4.016937255859375 -8.857465744018555 -1.44774866104126
4.016780853271484 -8.752256393432617 -1.700481057167053
4.016867160797119 -8.843266487121582 -1.137551069259644
4.016937255859375 -8.916299819946289 0
4.017031192779541 -8.956645965576172 -0.5737105011940002
4.016919612884521 -8.898022651672363 -0.5699464678764343
4.017027378082275 -8.952700614929199 -0.6322905421257019
4.016991138458252 -8.914549827575684 -1.039927840232849
4.016505718231201 -8.463117599487305 -2.803093671798706
4.016545295715332 -8.444596290588379 -3.039668560028076
4.016317844390869 -8.266177177429199 -3.338245391845703
4.016249656677246 -8.133418083190918 -3.794519901275635
4.016098499298096 -8.035353660583496 -3.859679698944092
4.016892433166504 -8.810250282287598 -1.711775183677673
4.016864776611328 -8.7811279296875 -1.855391979217529
4.016660213470459 -8.625367164611816 -2.256423473358154
4.016774654388428 -8.686602592468262 -2.256910085678101
4.016616344451904 -8.519829750061035 -2.821923971176147
4.014916896820068 -6.794206619262695 -5.766415596008301
4.015255451202393 -7.149744987487793 -5.320584297180176
4.015398502349854 -7.237532138824463 -5.307473659515381
4.016208648681641 -8.090090751647949 -3.886039733886719
4.016075611114502 -7.950533390045166 -4.164125919342041
4.015847206115723 -7.771596431732178 -4.365253925323486
4.015885829925537 -7.750289440155029 -4.525924205780029
4.015565872192383 -7.475988388061523 -4.852889537811279
4.015674114227295 -7.527998447418213 -4.886744976043701
4.015460968017578 -7.30327844619751 -5.216629505157471
4.015023231506348 -6.842672824859619 -5.807675838470459
4.014935970306396 -6.750266551971436 -5.914825439453125
4.014551639556885 -6.410834312438965 -6.188551425933838
4.014397621154785 -6.183375835418701 -6.505173683166504
4.014162063598633 -6.001203536987305 -6.585257053375244
4.014266014099121 -6.045238018035889 -6.633744239807129
4.014105319976807 -5.875965595245361 -6.784138679504395
4.013748168945312 -5.566997051239014 -6.954902172088623
4.013803005218506 -5.557655334472656 -7.047274112701416
4.013313293457031 -5.109999179840088 -7.295968532562256
4.011393070220947 -3.092896699905396 -8.34829044342041
4.01189661026001 -3.621460914611816 -8.134298324584961
4.011795520782471 -3.443938732147217 -8.288033485412598
4.01341438293457 -5.148661613464355 -7.351394176483154
4.013168811798096 -4.889816284179688 -7.526054382324219
4.012858390808105 -4.632088661193848 -7.607053756713867
4.01250171661377 -4.187429904937744 -7.938352584838867
4.012385368347168 -4.135228633880615 -7.886880874633789
4.012482643127441 -4.167538642883301 -7.948812961578369
4.012153625488281 -3.820762157440186 -8.121198654174805
4.011485576629639 -3.117861986160278 -8.416129112243652
4.011428356170654 -3.057469606399536 -8.438257217407227
4.010878086090088 -2.551707744598389 -8.527976989746094
4.011057376861572 -2.666553735733032 -8.569826126098633
4.010352611541748 -2.000118255615234 -8.67262077331543
4.010439872741699 -2.016772985458374 -8.745590209960938
4.010303020477295 -1.872365236282349 -8.777643203735352
4.009819984436035 -1.440394759178162 -8.781627655029297
4.009806156158447 -1.349440813064575 -8.87309455871582
4.009281635284424 -0.8748371601104736 -8.854548454284668
4.00819730758667 0.2644696533679962 -8.891083717346191
4.008739948272705 -0.3057695627212524 -8.891083717346191
4.008637428283691 -0.1185679137706757 -8.974357604980469
4.009420394897461 -0.9433913230895996 -8.925409317016602
4.00936222076416 -0.8822758793830872 -8.931657791137695
4.009030818939209 -0.5330048203468323 -8.959293365478516
4.008270740509033 0.2670380771160126 -8.971173286437988
4.00824499130249 0.2938859760761261 -8.970334053039551
4.007655143737793 0.8335372805595398 -8.854548454284668
4.007469654083252 1.1106778383255 -8.906171798706055
4.007116794586182 1.399094820022583 -8.781627655029297
4.007183074951172 1.412307262420654 -8.863349914550781
4.006584167480469 1.958818435668945 -8.67262077331543
4.006705284118652 1.915436029434204 -8.768400192260742
4.006058692932129 2.5104079246521 -8.527976989746094
4.006324768066406 2.316174983978271 -8.671169281005859
4.003188610076904 5.525697231292725 -6.954902172088623
4.003623485565186 5.068699359893799 -7.295968532562256
4.003521919250488 5.267210006713867 -7.267129898071289
4.006117343902588 2.534701824188232 -8.609830856323242
4.005947589874268 2.713125228881836 -8.555285453796387
4.00554370880127 3.051596641540527 -8.34829044342041
4.005212306976318 3.48744010925293 -8.269942283630371
4.005040645599365 3.580160856246948 -8.134298324584961
4.005090236663818 3.615735769271851 -8.214661598205566
4.004551410675049 4.093928813934326 -7.886880874633789
4.004511833190918 4.224695205688477 -7.918734073638916
4.004078388214111 4.590788841247559 -7.607053756713867
4.004119873046875 4.637573719024658 -7.684231281280518
4.003843784332275 4.928177833557129 -7.501176357269287
4.00322151184082 5.583332061767578 -7.027174472808838
4.003211498260498 5.593854904174805 -7.018800258636475
4.002775192260742 5.959903240203857 -6.585257053375244
4.002623558044434 6.212984085083008 -6.47718334197998
4.002385139465332 6.369534492492676 -6.188551425933838
4.002410411834717 6.437358856201172 -6.25423526763916
4.002020359039307 6.752906799316406 -5.766415596008301
4.002090454101562 6.774352550506592 -5.887551307678223
4.001681804656982 7.108445167541504 -5.320584297180176
4.001842498779297 7.03548526763916 -5.572892189025879
4.001699924468994 7.185497283935547 -5.378089904785156
4.001606941223145 7.283369064331055 -5.244786739349365
4.001370906829834 7.434688568115234 -4.852889537811279
4.001384258270264 7.518008708953857 -4.902536392211914
4.001090049743652 7.73029613494873 -4.365253925323486
4.001177787780762 7.735386848449707 -4.55183219909668
4.001101493835449 7.8153395652771 -4.413148403167725
4.000838756561279 7.994053840637207 -3.859679698944092
4.000813484191895 8.118490219116211 -3.826960563659668
4.000618934631348 8.224876403808594 -3.338245391845703
4.000625610351562 8.316420555114746 -3.375307559967041
4.000431537628174 8.421817779541016 -2.803093671798706
4.000515460968018 8.43248462677002 -3.073888063430786
4.00039005279541 8.564596176147461 -2.683900117874146
4.000276565551758 8.584066390991211 -2.256423473358154
4.00028133392334 8.679093360900879 -2.286696434020996
4.000156402587891 8.710957527160645 -1.700481057167053
4.00011682510376 8.852506637573242 -1.479464888572693
4.000069618225098 8.801966667175293 -1.137551069259644
4.000070571899414 8.901264190673828 -1.150353908538818
4.000017642974854 8.856722831726074 -0.5699464678764343
4.000030040740967 8.943679809570312 -0.7525720596313477
4 8.875 -2.140589688807309e-15
4 8.975285530090332 -2.969268280139659e-07
4 8.975052833557129 0.06447957456111908
4.000017642974854 8.856722831726074 0.5699464678764343
4.000012397766113 8.962545394897461 0.4780296087265015
4.000069618225098 8.801966667175293 1.137551069259644
4.000041961669922 8.931020736694336 0.8902742266654968
4.000070571899414 8.90125846862793 1.15035355091095
4.000156402587891 8.710957527160645 1.700481057167053
4.000155448913574 8.811741828918457 1.705549001693726
4.000276565551758 8.584066390991211 2.256423473358154
4.000279903411865 8.680412292480469 2.28168797492981
4.000336647033691 8.62059211730957 2.498207569122314
4.000431537628174 8.421817779541016 2.803093671798706
4.000587463378906 8.357063293457031 3.273387432098389
4.000618934631348 8.224876403808594 3.338245391845703
4.000625610351562 8.316420555114746 3.375307083129883
4.000838756561279 7.994053840637207 3.859679698944092
4.000739574432373 8.196720123291016 3.656405210494995
4.000907421112061 8.019868850708008 4.029537200927734
4.001090049743652 7.73029613494873 4.365253925323486
4.001101493835449 7.815338611602783 4.413148880004883
4.001370906829834 7.434688568115234 4.852889537811279
4.001289367675781 7.617967128753662 4.74573802947998
4.001681804656982 7.108445167541504 5.320584297180176
4.002230167388916 6.627196311950684 6.052713394165039
4.002385139465332 6.369534492492676 6.188551425933838
4.001973152160645 6.897783279418945 5.742449760437012
4.002020359039307 6.752906799316406 5.766415596008301
4.001731395721436 7.152446269989014 5.421967506408691
4.001699924468994 7.185497760772705 5.378089904785156
4.002410411834717 6.437357425689697 6.254233837127686
4.002500057220459 6.34308910369873 6.349819660186768
4.002775192260742 5.959903240203857 6.585257053375244
4.002781867980957 6.046298503875732 6.633037567138672
4.003188610076904 5.525697231292725 6.954902172088623
4.00322151184082 5.583332061767578 7.027173519134521
4.003382205963135 5.41439962387085 7.15814208984375
4.003623485565186 5.068699359893799 7.295968532562256
4.003702163696289 5.077517509460449 7.400908470153809
4.004078388214111 4.590788841247559 7.607053756713867
4.006058692932129 2.5104079246521 8.527976989746094
4.00554370880127 3.051596641540527 8.34829044342041
4.005784511566162 2.884876489639282 8.498910903930664
4.004030704498291 4.731804370880127 7.626568794250488
4.004119873046875 4.637574195861816 7.684231758117676
4.004551410675049 4.093928813934326 7.886880874633789
4.004711151123047 4.015073776245117 8.02704906463623
4.005040645599365 3.580160856246948 8.134298324584961
4.005090236663818 3.615735530853271 8.214661598205566
4.005418300628662 3.270448923110962 8.358126640319824
4.006117343902588 2.534701824188232 8.609830856323242
4.006158351898193 2.491115808486938 8.622542381286621
4.006584167480469 1.958818435668945 8.67262077331543
4.006921291351318 1.687759757041931 8.815052032470703
4.007116794586182 1.399094820022583 8.781627655029297
4.007183074951172 1.412307262420654 8.863349914550781
4.007194995880127 1.399739027023315 8.865344047546387
4.007655143737793 0.8335372805595398 8.854548454284668
4.007965087890625 0.5894155502319336 8.955776214599609
4.00819730758667 0.2644696533679962 8.891083717346191
4.008270740509033 0.2670380771160126 8.971173286437988
4.008739948272705 -0.3057695627212524 8.891083717346191
4.008741855621338 -0.2291885614395142 8.972211837768555
4.009281635284424 -0.8748371601104736 8.854548454284668
4.009136199951172 -0.6438929438591003 8.952005386352539
4.00936222076416 -0.8822758793830872 8.931657791137695
4.00952672958374 -1.054920315742493 8.91291332244873
4.009819984436035 -1.440394759178162 8.781627655029297
4.010295867919922 -1.865165591239929 8.779169082641602
4.010352611541748 -2.000118255615234 8.67262077331543
4.010439872741699 -2.01677131652832 8.745584487915039
4.010878086090088 -2.551707744598389 8.527976989746094
4.011044979095459 -2.65366530418396 8.573826789855957
4.011414527893066 -3.042741060256958 8.44357967376709
4.01177978515625 -3.427570819854736 8.294815063476562
4.012482643127441 -4.167538642883301 7.948812961578369
4.012385368347168 -4.135228633880615 7.886880874633789
4.012491226196289 -4.176126003265381 7.944304466247559
4.012858390808105 -4.632088661193848 7.607053756713867
4.013163566589355 -4.884161949157715 7.529732227325439
4.013313293457031 -5.109999179840088 7.295968532562256
4.014187335968018 -5.962501049041748 6.708209037780762
4.014162063598633 -6.001203536987305 6.585257053375244
4.013888835906982 -5.64806604385376 6.975022315979004
4.013748168945312 -5.566997051239014 6.954902172088623
4.013580799102783 -5.32358980178833 7.225722312927246
4.01341438293457 -5.148662090301514 7.351394653320312
4.014266014099121 -6.045238018035889 6.633744239807129
4.01447582244873 -6.265844821929932 6.425775527954102
4.014551639556885 -6.410834312438965 6.188551425933838
4.014749526977539 -6.554379463195801 6.131184577941895
4.014916896820068 -6.794206619262695 5.766415596008301
4.015023231506348 -6.842676639556885 5.807678699493408
4.015255451202393 -7.149744987487793 5.320584297180176
4.015254497528076 -7.085846424102783 5.508353233337402
4.015674114227295 -7.527998924255371 4.886744499206543
4.015565872192383 -7.475988388061523 4.852889537811279
4.015702247619629 -7.557429790496826 4.841104030609131
4.015847206115723 -7.771596431732178 4.365253925323486
4.016505718231201 -8.463117599487305 2.803093671798706
4.01668119430542 -8.587964057922363 2.607225179672241
4.016660213470459 -8.625367164611816 2.256423473358154
4.016872882843018 -8.789741516113281 1.814145565032959
4.016780853271484 -8.752256393432617 1.700481057167053
4.01590633392334 -7.772128105163574 4.488317966461182
4.01609468460083 -7.970633983612061 4.125518798828125
4.016098499298096 -8.035353660583496 3.859679698944092
4.016208648681641 -8.090090751647949 3.886040210723877
4.016317844390869 -8.266177177429199 3.338245391845703
4.016422748565674 -8.315647125244141 3.376513004302979
4.016616344451904 -8.519829750061035 2.82192325592041
4.016892433166504 -8.810250282287598 1.711775183677673
4.016943454742432 -8.863784790039062 1.408539295196533
4.016867160797119 -8.843266487121582 1.137551069259644
4.016995429992676 -8.918898582458496 1.001949191093445
4.016919612884521 -8.898022651672363 0.5699464678764343
4.017031192779541 -8.956645965576172 0.5737101435661316
4.017046928405762 -8.973167419433594 0.1817047894001007
5.750248432159424 -6.570239067077637 -6.015349864959717
5.750256538391113 -7.099734306335449 -5.382041931152344
5.750257015228271 -7.146767616271973 -5.319595336914062
5.750264167785645 -7.568226337432861 -4.702378749847412
5.750267505645752 -7.768505096435547 -4.364442825317383
5.750270366668701 -7.971684455871582 -3.982211112976074
5.750218391418457 -4.721352100372314 -7.549240589141846
5.750228881835938 -5.401037693023682 -7.08073616027832
5.750231742858887 -5.564312934875488 -6.953609466552734
5.750239372253418 -6.034351825714111 -6.551236152648926
5.750245571136475 -6.407994747161865 -6.187401294708252
5.750169277191162 -1.66106641292572 -8.741097450256348
5.750182151794434 -2.464413166046143 -8.551205635070801
5.750183582305908 -2.549580812454224 -8.526390075683594
5.750194549560547 -3.246691465377808 -8.287651062011719
5.750200748443604 -3.619135856628418 -8.132783889770508
5.75020694732666 -4.001169681549072 -7.952702045440674
5.750216960906982 -4.629576683044434 -7.605638027191162
5.750129699707031 0.8056621551513672 -8.855681419372559
5.750143051147461 -0.0189999733120203 -8.89399528503418
5.750147342681885 -0.3040585815906525 -8.889424324035645
5.750155925750732 -0.8435624241828918 -8.855690956115723
5.750165939331055 -1.438473343849182 -8.779990196228027
5.750078678131104 3.963350296020508 -7.952611923217773
5.750090599060059 3.208881378173828 -8.287576675415039
5.750093460083008 3.052683353424072 -8.34673023223877
5.75010347366333 2.426594972610474 -8.551153182983398
5.750110626220703 1.960108518600464 -8.671001434326172
5.750116348266602 1.623219132423401 -8.741068840026855
5.750129222869873 0.8350368142127991 -8.852897644042969
5.750046730041504 5.960447311401367 -6.584023952484131
5.750056266784668 5.363166809082031 -7.080638408660889
5.75006103515625 5.06941032409668 -7.294604301452637
5.750067234039307 4.683511257171631 -7.549141883850098
5.750076770782471 4.094821929931641 -7.885406494140625
5.750014781951904 7.933637142181396 -3.982306003570557
5.750021457672119 7.530162811279297 -4.702480792999268
5.750023365020752 7.434957504272461 -4.851981639862061
5.75002908706665 7.061646461486816 -5.382157802581787
5.750033855438232 6.753303050994873 -5.765336036682129
5.750037670135498 6.532135486602783 -6.015462875366211
5.750046253204346 5.996465682983398 -6.551132678985596
5.750000476837158 8.83668041229248 -0.8247162103652954
5.750002384185791 8.722072601318359 -1.642217755317688
5.750002861022949 8.710987091064453 -1.700162529945374
5.750005722045898 8.532166481018066 -2.445560932159424
5.750007629394531 8.421901702880859 -2.802568435668945
5.750010013580322 8.268598556518555 -3.227834224700928
5.750013828277588 7.994216918945312 -3.858956336975098
5.75 8.875 -8.821841038297862e-05
5.750000476837158 8.856724739074707 -0.5698396563529968
5.750002384185791 8.722111701965332 1.642008423805237
5.750000476837158 8.836705207824707 0.8244492411613464
5.750000476837158 8.856724739074707 0.5698396563529968
5.750021457672119 7.530258655548096 4.702327251434326
5.750014781951904 7.933711528778076 3.982156991958618
5.750013828277588 7.994216918945312 3.858956336975098
5.750010013580322 8.268658638000488 3.227680444717407
5.750007629394531 8.421901702880859 2.802568435668945
5.750005722045898 8.53221607208252 2.445388317108154
5.750002861022949 8.710987091064453 1.700162529945374
5.750046253204346 5.996307373046875 6.551277160644531
5.750037670135498 6.532280445098877 6.015305042266846
5.750033855438232 6.753303050994873 5.765336036682129
5.75002908706665 7.061770915985107 5.381993293762207
5.750023365020752 7.434957504272461 4.851981639862061
5.750090599060059 3.208635091781616 8.287672996520996
5.750078678131104 3.963115215301514 7.952730178833008
5.750076770782471 4.094821929931641 7.885406494140625
5.750067710876465 4.683300495147705 7.549273490905762
5.75006103515625 5.06941032409668 7.294604301452637
5.750056266784668 5.36298942565918 7.08077335357666
5.750046730041504 5.960447311401367 6.584023952484131
5.750129222869873 0.8350368142127991 8.852897644042969
5.750116348266602 1.623006820678711 8.741108894348145
5.750110626220703 1.960108518600464 8.671001434326172
5.75010347366333 2.426354885101318 8.55122184753418
5.750093460083008 3.052683353424072 8.34673023223877
5.750182151794434 -2.464594841003418 8.551153182983398
5.750169277191162 -1.661219000816345 8.741068840026855
5.750165939331055 -1.438473343849182 8.779990196228027
5.750155925750732 -0.8436620235443115 8.855681419372559
5.750147342681885 -0.3040585815906525 8.889424324035645
5.750143051147461 -0.0189999733120203 8.89399528503418
5.750129699707031 0.8055020570755005 8.855696678161621
5.750228881835938 -5.401166439056396 7.080638408660889
5.750218391418457 -4.721511363983154 7.549141883850098
5.750216960906982 -4.629576683044434 7.605638027191162
5.75020694732666 -4.001349925994873 7.952611923217773
5.750200748443604 -3.619135856628418 8.132783889770508
5.750194549560547 -3.246881246566772 8.287576675415039
5.750183582305908 -2.549580812454224 8.526390075683594
5.750256538391113 -7.099646091461182 5.382157802581787
5.750248432159424 -6.570135116577148 6.015462875366211
5.750245571136475 -6.407994747161865 6.187401294708252
5.750239372253418 -6.034465312957764 6.551132202148438
5.750231742858887 -5.564312934875488 6.953609466552734
5.750279903411865 -8.57016658782959 2.445560693740845
5.750275611877441 -8.306598663330078 3.227833986282349
5.750275135040283 -8.262995719909668 3.337625980377197
5.750270366668701 -7.971636772155762 3.982305526733398
5.750267505645752 -7.768505096435547 4.364442825317383
5.750264167785645 -7.568162441253662 4.702480792999268
5.750257015228271 -7.146767616271973 5.319595336914062
5.750275135040283 -8.262995719909668 -3.337625980377197
5.750275611877441 -8.306636810302734 -3.227736711502075
5.750279903411865 -8.570199012756348 -2.445446491241455
5.750280857086182 -8.622117042541504 -2.256004333496094
5.750283241271973 -8.760100364685059 -1.642067909240723
5.750284671783447 -8.83997917175293 -1.13733971118927
5.750285148620605 -8.874699592590332 -0.8245096206665039
5.750285625457764 -8.913000106811523 2.710505431213761e-17
5.750285625457764 -8.903411865234375 0.4128028452396393
5.750285148620605 -8.874679565429688 0.8247160911560059
5.750284671783447 -8.83997917175293 1.13733971118927
5.750283241271973 -8.760072708129883 1.642217636108398
5.750280857086182 -8.622117042541504 2.256004333496094
25.69999885559082 0.6726682186126709 4.24705982208252
25.69999885559082 1.328773140907288 4.089543342590332
25.69999885559082 1.95215904712677 3.831328153610229
25.69999885559082 2.52747654914856 3.47877311706543
25.69999885559082 3.040559053421021 3.040559053421021
25.69999885559082 3.47877311706543 2.52747654914856
25.69999885559082 3.831328153610229 1.95215904712677
25.69999885559082 4.089543342590332 1.328773140907288
25.69999885559082 4.24705982208252 0.6726682186126709
25.69999885559082 4.300000190734863 2.632990534534764e-16
25.69999885559082 4.24705982208252 -0.6726682186126709
25.69999885559082 4.089543342590332 -1.328773140907288
25.69999885559082 3.831328153610229 -1.95215904712677
25.69999885559082 3.47877311706543 -2.52747654914856
25.69999885559082 3.040559053421021 -3.040559053421021
25.69999885559082 2.52747654914856 -3.47877311706543
25.69999885559082 1.95215904712677 -3.831328153610229
25.69999885559082 1.328773140907288 -4.089543342590332
25.69999885559082 0.6726682186126709 -4.24705982208252
25.69999885559082 1.579794373660418e-15 -4.300000190734863
25.69999885559082 -0.6726682186126709 -4.24705982208252
25.69999885559082 -1.328773140907288 -4.089543342590332
25.69999885559082 -1.95215904712677 -3.831328153610229
25.69999885559082 -2.52747654914856 -3.47877311706543
25.69999885559082 -3.040559053421021 -3.040559053421021
25.69999885559082 -3.47877311706543 -2.52747654914856
25.69999885559082 -3.831328153610229 -1.95215904712677
25.69999885559082 -4.089543342590332 -1.328773140907288
25.69999885559082 -4.24705982208252 -0.6726682186126709
25.69999885559082 -4.300000190734863 -1.193489804411602e-16
25.69999885559082 -4.24705982208252 0.6726682186126709
25.69999885559082 -4.089543342590332 1.328773140907288
25.69999885559082 -3.831328153610229 1.95215904712677
25.69999885559082 -3.47877311706543 2.52747654914856
25.69999885559082 -3.040559053421021 3.040559053421021
25.69999885559082 -2.52747654914856 3.47877311706543
25.69999885559082 -1.95215904712677 3.831328153610229
25.69999885559082 -1.328773140907288 4.089543342590332
25.69999885559082 -0.6726682186126709 4.24705982208252
25.69999885559082 0 4.300000190734863
25.69999885559082 0 0
-5.900000095367432 1.062199115753174 -8.408171653747559
-5.900000095367432 2.107646703720093 -8.208742141723633
-5.900000095367432 3.119855642318726 -7.879856109619141
-5.900000095367432 4.082862377166748 -7.426699161529541
-5.900000095367432 4.981480121612549 -6.856419086456299
-5.900000095367432 5.801536560058594 -6.178009510040283
-5.900000095367432 6.530099391937256 -5.402168273925781
-5.900000095367432 7.155679225921631 -4.541131973266602
-5.900000095367432 7.66840934753418 -3.608479499816895
-5.900000095367432 8.060203552246094 -2.618919134140015
-5.900000095367432 8.324884414672852 -1.588056683540344
-5.900000095367432 8.458276748657227 -0.532149612903595
-5.900000095367432 8.458276748657227 0.532149612903595
-5.900000095367432 8.324884414672852 1.588056683540344
-5.900000095367432 8.060203552246094 2.618919134140015
-5.900000095367432 7.66840934753418 3.608479499816895
-5.900000095367432 7.155679225921631 4.541131973266602
-5.900000095367432 6.530099391937256 5.402168273925781
-5.900000095367432 5.801536560058594 6.178009510040283
-5.900000095367432 4.981480121612549 6.856419086456299
-5.900000095367432 4.082862377166748 7.426699161529541
-5.900000095367432 3.119855642318726 7.879856109619141
-5.900000095367432 2.107646703720093 8.208742141723633
-5.900000095367432 1.062199115753174 8.408171653747559
-5.900000095367432 3.113664526744838e-15 8.475000381469727
-5.900000095367432 -1.062199115753174 8.408171653747559
-5.900000095367432 -2.107646703720093 8.208742141723633
-5.900000095367432 -3.119855642318726 7.879856109619141
-5.900000095367432 -4.082862377166748 7.426699161529541
-5.900000095367432 -4.981480121612549 6.856419086456299
-5.900000095367432 -5.801536560058594 6.178009510040283
-5.900000095367432 -6.530099391937256 5.402168273925781
-5.900000095367432 -7.155679225921631 4.541131973266602
-5.900000095367432 -7.66840934753418 3.608479499816895
-5.900000095367432 -8.060203552246094 2.618919134140015
-5.900000095367432 -8.324884414672852 1.588056683540344
-5.900000095367432 -8.458276748657227 0.532149612903595
-5.900000095367432 -8.458276748657227 -0.532149612903595
-5.900000095367432 -8.324884414672852 -1.588056683540344
-5.900000095367432 -8.060203552246094 -2.618919134140015
-5.900000095367432 -7.66840934753418 -3.608479499816895
-5.900000095367432 -7.155679225921631 -4.541131973266602
-5.900000095367432 -6.530099391937256 -5.402168273925781
-5.900000095367432 -5.801536560058594 -6.178009510040283
-5.900000095367432 -4.981480121612549 -6.856419086456299
-5.900000095367432 -4.082862377166748 -7.426699161529541
-5.900000095367432 -3.119855642318726 -7.879856109619141
-5.900000095367432 -2.107646703720093 -8.208742141723633
-5.900000095367432 -1.062199115753174 -8.408171653747559
-5.900000095367432 0 -8.475000381469727
-5.900000095367432 5.629165172576904 3.25
-5.900000095367432 6.050679206848145 2.374716520309448
-5.900000095367432 6.337031364440918 1.446386098861694
-5.900000095367432 6.48182487487793 0.4857456088066101
-5.900000095367432 6.48182487487793 -0.4857456088066101
-5.900000095367432 6.337031364440918 -1.446386098861694
-5.900000095367432 6.050679206848145 -2.374716520309448
-5.900000095367432 -6.050679206848145 2.374716520309448
-5.900000095367432 -5.629165172576904 3.25
-5.900000095367432 -5.081904411315918 4.05268383026123
-5.900000095367432 -4.421123027801514 4.764837265014648
-5.900000095367432 -3.661580324172974 5.370552062988281
-5.900000095367432 -2.820244312286377 5.856297492980957
-5.900000095367432 -5.629165172576904 -3.25
-5.900000095367432 -6.050679206848145 -2.374716520309448
-5.900000095367432 -6.337031364440918 -1.446386098861694
-5.900000095367432 -6.48182487487793 -0.4857456088066101
-5.900000095367432 -6.48182487487793 0.4857456088066101
-5.900000095367432 -6.337031364440918 1.446386098861694
-5.900000095367432 -1.915908694267273 -6.211223125457764
-5.900000095367432 -2.820244312286377 -5.856297492980957
-5.900000095367432 -3.661580324172974 -5.370552062988281
-5.900000095367432 -4.421123027801514 -4.764837265014648
-5.900000095367432 -5.081904411315918 -4.05268383026123
-5.900000095367432 1.915908694267273 6.211223125457764
-5.900000095367432 2.820244312286377 5.856297492980957
-5.900000095367432 3.661580324172974 5.370552062988281
-5.900000095367432 4.421123027801514 4.764837265014648
-5.900000095367432 5.081904411315918 4.05268383026123
-5.900000095367432 2.820244312286377 -5.856297492980957
-5.900000095367432 1.915908694267273 -6.211223125457764
-5.900000095367432 0.9687747359275818 -6.4274001121521
-5.900000095367432 5.412337245047638e-16 -6.5
-5.900000095367432 -0.9687747359275818 -6.4274001121521
-5.900000095367432 5.629165172576904 -3.25
-5.900000095367432 5.081904411315918 -4.05268383026123
-5.900000095367432 4.421123027801514 -4.764837265014648
-5.900000095367432 3.661580324172974 -5.370552062988281
-5.900000095367432 -1.915908694267273 6.211223125457764
-5.900000095367432 -0.9687747359275818 6.4274001121521
-5.900000095367432 -1.59204077601182e-15 6.5
-5.900000095367432 0.9687747359275818 6.4274001121521
-2.65921950340271 0 0
14.4100296497345 -4.141194184621176 4.141194184621176
17.80127858516618 0.6489749196246287 -4.983743500123239
12.09693400611667 -0.5702283182281958 -5.656218840386572
12.53377229023322 5.510945295248113 0.09613100872877321
12.55575767222531 5.110697293138077 -1.161067536454395
18.30850460135029 1.894320853938803 2.165286342244029
16.13330400459808 -1.585268871809926 5.313927689108751
14.4100296497345 0.6544854521499677 5.060465208498067
11.88649414299312 -1.131586374184737 -5.270625233824688
12.72065869882845 -5.724411853632143 -0.4561863243579866
-0.2841575385587016 -5.027192152413215 2.190076811982806
-0.3581877865984424 -0.3608772900737281 5.234561238141846
-0.4962770032645417 4.659452020829871 2.830156276634852
-0.653386698049354 3.971340655253232 -3.811780535763562
-0.2474183167030191 -1.328114456410765 -4.970462951237862
0.4489725692042543 7.020317473391477 -0.6795591528447725
-0.5362202480529741 -5.534995268368391 -2.718179555743801
4.878539699898844 -3.004872405324912 -6.198516734348712
4.87962313147211 -6.149451471679054 -3.197824918244226
3.383970789429732 3.160055953525597 -5.858330893416334
4.875191853473988 6.51935417790435 -2.40647516817306

CELLS 3879 17729
3 0 1 2
3 359 1 0
3 0 2 184
3 361 0 184
3 359 0 361
3 1 181 2
3 358 181 1
3 358 1 359
3 2 182 179
3 179 780 2
3 2 181 182
3 184 2 185
3 2 781 185
3 2 780 781
3 3 4 5
3 578 4 3
3 3 5 175
3 580 3 175
3 578 3 580
3 4 172 5
3 577 172 4
3 577 4 578
3 5 173 169
3 169 777 5
3 5 172 173
3 175 5 176
3 5 778 176
3 5 777 778
3 6 7 8
3 540 7 6
3 6 8 147
3 541 6 147
3 540 6 541
3 7 144 8
3 144 7 540
3 8 145 141
3 141 769 8
3 8 144 145
3 147 8 148
3 8 770 148
3 8 769 770
3 9 10 11
3 528 10 9
3 9 11 138
3 530 9 138
3 528 9 530
3 11 10 134
3 134 10 137
3 526 137 10
3 526 10 528
3 134 766 11
3 138 11 139
3 11 767 139
3 11 766 767
3 12 13 14
3 425 13 12
3 12 14 58
3 58 429 12
3 425 12 427
3 427 12 429
3 14 13 52
3 52 13 57
3 57 13 425
3 52 744 14
3 58 14 59
3 14 745 59
3 14 744 745
3 15 16 17
3 372 16 15
3 15 17 18
3 365 15 18
3 372 15 365
3 16 190 17
3 371 190 16
3 371 16 372
3 18 17 19
3 17 784 19
3 17 191 188
3 188 783 17
3 17 190 191
3 17 783 784
3 18 19 20
3 373 18 20
3 365 18 373
3 20 19 21
3 21 19 22
3 19 785 22
3 19 784 785
3 374 20 21
3 373 20 374
3 21 22 23
3 376 21 23
3 374 21 376
3 22 28 23
3 26 27 22
3 22 786 26
3 22 27 28
3 22 785 786
3 378 23 28
3 376 23 378
3 24 25 26
3 386 25 24
3 24 26 29
3 387 24 29
3 386 24 387
3 26 25 27
3 381 27 25
3 381 25 386
3 29 26 30
3 26 787 30
3 26 786 787
3 379 28 27
3 379 27 381
3 378 28 379
3 29 30 31
3 389 29 31
3 387 29 389
3 30 36 31
3 34 35 30
3 30 788 34
3 30 35 36
3 30 787 788
3 389 31 36
3 32 33 34
3 385 33 32
3 34 39 32
3 393 32 39
3 385 32 393
3 34 33 35
3 35 33 385
3 37 38 34
3 34 789 37
3 34 38 39
3 34 788 789
3 392 36 35
3 392 35 385
3 391 389 36
3 391 36 392
3 37 44 38
3 42 43 37
3 37 790 42
3 37 43 44
3 37 789 790
3 396 39 38
3 398 38 44
3 396 38 398
3 393 39 394
3 394 39 396
3 40 41 42
3 406 41 40
3 42 49 40
3 406 40 49
3 42 41 43
3 401 43 41
3 401 41 406
3 47 48 42
3 42 791 47
3 42 48 49
3 42 790 791
3 398 44 43
3 43 399 398
3 399 43 401
3 45 46 47
3 45 405 46
3 47 56 45
3 56 409 45
3 45 409 405
3 47 46 48
3 46 405 48
3 54 55 47
3 47 742 54
3 47 55 56
3 47 791 742
3 408 49 48
3 408 48 405
3 407 406 49
3 407 49 408
3 50 51 52
3 418 51 50
3 52 57 50
3 422 50 57
3 418 50 422
3 52 51 53
3 416 53 51
3 416 51 418
3 52 53 54
3 54 743 52
3 52 743 744
3 54 53 55
3 55 53 416
3 54 742 743
3 55 412 56
3 55 414 412
3 416 414 55
3 56 410 409
3 56 412 410
3 422 57 423
3 423 57 425
3 58 59 60
3 60 429 58
3 60 59 61
3 61 59 62
3 59 746 62
3 59 745 746
3 61 431 60
3 60 431 429
3 61 62 63
3 63 421 61
3 61 421 432
3 61 432 431
3 62 70 63
3 67 69 62
3 62 747 67
3 62 69 70
3 62 746 747
3 70 433 63
3 63 433 421
3 64 65 66
3 64 75 65
3 64 66 67
3 67 748 64
3 73 74 64
3 64 749 73
3 64 74 75
3 64 748 749
3 66 65 442
3 442 65 75
3 66 68 67
3 440 68 66
3 440 66 442
3 67 68 69
3 67 747 748
3 68 436 69
3 438 436 68
3 438 68 440
3 69 434 70
3 69 436 434
3 70 434 433
3 71 72 73
3 446 72 71
3 73 80 71
3 448 71 80
3 446 71 448
3 73 72 74
3 74 72 446
3 78 79 73
3 73 750 78
3 73 79 80
3 73 749 750
3 443 75 74
3 443 74 444
3 444 74 446
3 442 75 443
3 76 77 78
3 76 85 77
3 78 751 76
3 81 82 76
3 76 752 81
3 76 82 83
3 83 84 76
3 76 84 85
3 76 751 752
3 78 77 79
3 453 79 77
3 455 77 85
3 453 77 455
3 78 750 751
3 451 80 79
3 451 79 453
3 448 80 449
3 449 80 451
3 81 88 82
3 86 87 81
3 81 753 86
3 81 87 88
3 81 752 753
3 83 82 460
3 460 82 88
3 458 84 83
3 458 83 460
3 456 85 84
3 456 84 458
3 455 85 456
3 86 93 87
3 91 92 86
3 86 754 91
3 86 92 93
3 86 753 754
3 88 87 464
3 464 87 93
3 460 88 462
3 462 88 464
3 89 90 91
3 469 90 89
3 91 96 89
3 471 89 96
3 469 89 471
3 91 90 92
3 92 90 469
3 94 95 91
3 91 755 94
3 91 95 96
3 91 754 755
3 466 93 92
3 466 92 467
3 467 92 469
3 464 93 466
3 94 101 95
3 99 100 94
3 94 756 99
3 94 100 101
3 94 755 756
3 96 95 474
3 474 95 101
3 471 96 472
3 472 96 474
3 97 98 99
3 479 98 97
3 97 99 102
3 97 102 483
3 479 97 481
3 481 97 483
3 99 98 100
3 477 100 98
3 477 98 479
3 102 99 103
3 99 757 103
3 99 756 757
3 476 101 100
3 476 100 477
3 474 101 476
3 102 103 104
3 483 102 104
3 103 107 104
3 105 106 103
3 103 758 105
3 103 106 107
3 103 757 758
3 484 104 107
3 483 104 484
3 105 112 106
3 110 111 105
3 105 759 110
3 105 111 112
3 105 758 759
3 486 107 106
3 488 106 112
3 486 106 488
3 484 107 486
3 108 109 110
3 492 109 108
3 110 116 108
3 490 108 116
3 492 108 490
3 110 109 111
3 494 111 109
3 494 109 492
3 113 115 110
3 110 760 113
3 110 115 116
3 110 759 760
3 495 112 111
3 495 111 494
3 488 112 495
3 113 114 115
3 113 120 114
3 117 119 113
3 113 761 117
3 113 119 120
3 113 760 761
3 115 114 499
3 499 114 120
3 496 116 115
3 496 115 497
3 497 115 499
3 490 116 496
3 117 118 119
3 117 124 118
3 121 123 117
3 117 762 121
3 117 123 124
3 117 761 762
3 502 119 118
3 504 118 124
3 502 118 504
3 501 120 119
3 501 119 502
3 499 120 501
3 121 122 123
3 121 131 122
3 126 130 121
3 121 763 126
3 121 130 131
3 121 762 763
3 123 122 512
3 512 122 131
3 509 124 123
3 509 123 510
3 510 123 512
3 504 124 509
3 125 126 127
3 125 129 126
3 516 125 127
3 508 129 125
3 508 125 516
3 127 126 128
3 126 764 128
3 126 129 130
3 126 763 764
3 128 136 127
3 517 127 136
3 516 127 517
3 134 135 128
3 128 765 134
3 128 135 136
3 128 764 765
3 515 130 129
3 515 129 508
3 514 131 130
3 514 130 515
3 512 131 514
3 132 133 134
3 522 133 132
3 134 137 132
3 524 132 137
3 522 132 524
3 134 133 135
3 521 135 133
3 521 133 522
3 134 765 766
3 519 136 135
3 519 135 521
3 517 136 519
3 524 137 526
3 138 139 140
3 531 138 140
3 530 138 531
3 139 143 140
3 141 142 139
3 139 768 141
3 139 142 143
3 139 767 768
3 532 140 143
3 531 140 532
3 141 146 142
3 141 145 146
3 141 768 769
3 534 143 142
3 536 142 146
3 534 142 536
3 532 143 534
3 539 145 144
3 539 144 344
3 344 144 540
3 538 146 145
3 538 145 539
3 536 146 538
3 147 148 149
3 543 147 149
3 541 147 543
3 149 148 150
3 150 148 151
3 148 771 151
3 148 770 771
3 545 149 150
3 543 149 545
3 150 151 152
3 552 150 152
3 545 150 552
3 151 157 152
3 155 156 151
3 151 772 155
3 151 156 157
3 151 771 772
3 551 152 157
3 552 152 551
3 153 154 155
3 553 154 153
3 155 160 153
3 554 153 160
3 553 153 554
3 155 154 156
3 547 156 154
3 547 154 553
3 158 159 155
3 155 773 158
3 155 159 160
3 155 772 773
3 549 157 156
3 549 156 547
3 551 157 549
3 158 165 159
3 163 164 158
3 158 774 163
3 158 164 165
3 158 773 774
3 556 160 159
3 558 159 165
3 556 159 558
3 554 160 556
3 161 162 163
3 563 162 161
3 161 163 166
3 570 161 166
3 563 161 570
3 163 162 164
3 561 164 162
3 561 162 563
3 166 163 167
3 163 775 167
3 163 774 775
3 560 165 164
3 560 164 561
3 558 165 560
3 166 167 168
3 571 166 168
3 570 166 571
3 167 171 168
3 169 170 167
3 167 776 169
3 167 170 171
3 167 775 776
3 573 168 171
3 571 168 573
3 169 174 170
3 169 173 174
3 169 776 777
3 575 171 170
3 576 170 174
3 575 170 576
3 573 171 575
3 568 173 172
3 568 172 577
3 566 174 173
3 566 173 568
3 576 174 566
3 175 176 177
3 582 175 177
3 580 175 582
3 177 176 178
3 178 176 179
3 176 779 179
3 176 778 779
3 583 177 178
3 582 177 583
3 178 179 180
3 349 178 180
3 583 178 349
3 179 183 180
3 179 182 183
3 179 779 780
3 351 180 183
3 349 180 351
3 345 182 181
3 345 181 358
3 352 183 182
3 352 182 345
3 351 183 352
3 184 185 186
3 362 184 186
3 361 184 362
3 186 185 187
3 187 185 188
3 185 782 188
3 185 781 782
3 354 186 187
3 362 186 354
3 187 188 189
3 356 187 189
3 354 187 356
3 188 192 189
3 188 191 192
3 188 782 783
3 366 189 192
3 356 189 366
3 369 191 190
3 369 190 371
3 367 192 191
3 367 191 369
3 366 192 367
3 193 194 195
3 193 272 194
3 195 302 193
3 271 272 193
3 193 300 271
3 193 303 300
3 193 302 303
3 195 194 196
3 194 702 196
3 272 701 194
3 194 701 702
3 195 196 197
3 197 311 195
3 195 312 302
3 195 311 312
3 197 196 198
3 196 703 198
3 196 702 703
3 197 198 199
3 199 310 197
3 197 310 311
3 199 198 200
3 198 704 200
3 198 703 704
3 199 200 201
3 201 313 199
3 199 314 310
3 199 313 314
3 201 200 202
3 200 705 202
3 200 704 705
3 201 202 203
3 203 315 201
3 201 316 313
3 201 315 316
3 203 202 204
3 202 706 204
3 202 705 706
3 203 204 205
3 205 331 203
3 203 332 315
3 203 331 332
3 205 204 206
3 204 707 206
3 204 706 707
3 205 206 207
3 207 330 205
3 205 330 331
3 207 206 208
3 206 708 208
3 206 707 708
3 207 208 209
3 209 340 207
3 207 341 330
3 207 340 341
3 209 208 210
3 208 709 210
3 208 708 709
3 209 210 211
3 209 211 279
3 279 339 209
3 209 339 340
3 211 210 212
3 210 710 212
3 210 709 710
3 211 212 213
3 317 211 213
3 279 211 317
3 213 212 214
3 212 711 214
3 212 710 711
3 213 214 215
3 215 319 213
3 317 213 318
3 213 319 318
3 215 214 216
3 214 712 216
3 214 711 712
3 215 216 217
3 217 321 215
3 215 322 319
3 215 321 322
3 217 216 218
3 216 713 218
3 216 712 713
3 217 218 219
3 219 320 217
3 217 320 321
3 219 218 220
3 218 714 220
3 218 713 714
3 219 220 221
3 221 334 219
3 219 335 320
3 219 334 335
3 221 220 222
3 220 715 222
3 220 714 715
3 221 222 223
3 223 324 221
3 324 333 221
3 221 333 334
3 223 222 224
3 222 716 224
3 222 715 716
3 223 224 225
3 225 323 223
3 223 323 324
3 225 224 226
3 224 717 226
3 224 716 717
3 225 226 227
3 227 325 225
3 225 326 323
3 225 325 326
3 227 226 228
3 226 718 228
3 226 717 718
3 227 228 229
3 229 337 227
3 227 338 325
3 227 337 338
3 229 228 230
3 228 719 230
3 228 718 719
3 229 230 231
3 231 329 229
3 329 336 229
3 229 336 337
3 231 230 232
3 230 720 232
3 230 719 720
3 231 232 233
3 233 328 231
3 231 328 329
3 233 232 234
3 232 721 234
3 232 720 721
3 233 234 235
3 235 276 233
3 276 327 233
3 233 327 328
3 235 234 236
3 234 722 236
3 234 721 722
3 235 236 237
3 237 274 235
3 274 275 235
3 235 275 276
3 237 236 238
3 236 723 238
3 236 722 723
3 237 238 239
3 239 273 237
3 237 273 274
3 239 238 240
3 238 724 240
3 238 723 724
3 239 240 241
3 241 281 239
3 239 282 273
3 239 281 282
3 241 240 242
3 240 725 242
3 240 724 725
3 241 242 243
3 243 278 241
3 278 280 241
3 241 280 281
3 243 242 244
3 242 726 244
3 242 725 726
3 243 244 245
3 245 277 243
3 243 277 278
3 245 244 246
3 244 727 246
3 244 726 727
3 245 246 247
3 247 283 245
3 245 284 277
3 245 283 284
3 247 246 248
3 246 728 248
3 246 727 728
3 247 248 249
3 249 289 247
3 247 290 283
3 247 289 290
3 249 248 250
3 248 729 250
3 248 728 729
3 249 250 251
3 249 251 285
3 285 288 249
3 249 288 289
3 251 250 252
3 250 730 252
3 250 729 730
3 251 252 253
3 286 251 253
3 285 251 286
3 253 252 254
3 252 731 254
3 252 730 731
3 253 254 255
3 255 305 253
3 286 253 287
3 253 306 287
3 253 305 306
3 255 254 256
3 254 732 256
3 254 731 732
3 255 256 257
3 257 292 255
3 292 304 255
3 255 304 305
3 257 256 258
3 256 733 258
3 256 732 733
3 257 258 259
3 259 291 257
3 257 291 292
3 259 258 260
3 258 734 260
3 258 733 734
3 259 260 261
3 261 293 259
3 259 294 291
3 259 293 294
3 261 260 262
3 260 735 262
3 260 734 735
3 261 262 263
3 263 295 261
3 261 296 293
3 261 295 296
3 263 262 264
3 262 736 264
3 262 735 736
3 263 264 265
3 265 298 263
3 263 299 295
3 263 298 299
3 265 264 266
3 264 737 266
3 264 736 737
3 265 266 267
3 267 297 265
3 265 297 298
3 267 266 268
3 266 738 268
3 266 737 738
3 267 268 269
3 269 308 267
3 267 309 297
3 267 308 309
3 269 268 270
3 268 739 270
3 268 738 739
3 269 270 271
3 271 301 269
3 301 307 269
3 269 307 308
3 271 270 272
3 270 740 272
3 270 739 740
3 271 300 301
3 272 740 701
3 597 274 273
3 282 600 273
3 597 273 598
3 273 599 598
3 273 600 599
3 596 275 274
3 596 274 597
3 606 276 275
3 595 275 596
3 606 275 595
3 605 327 276
3 605 276 606
3 594 278 277
3 585 277 284
3 584 277 585
3 594 277 584
3 593 280 278
3 593 278 594
3 317 636 279
3 279 644 339
3 636 635 279
3 279 635 644
3 280 591 281
3 592 591 280
3 592 280 593
3 281 601 282
3 591 590 281
3 281 590 601
3 282 601 600
3 586 284 283
3 290 589 283
3 586 283 587
3 283 588 587
3 283 589 588
3 585 284 586
3 286 693 285
3 285 692 288
3 285 693 692
3 287 695 286
3 286 694 693
3 286 695 694
3 306 696 287
3 287 696 695
3 289 288 690
3 288 691 690
3 288 692 691
3 289 688 290
3 289 689 688
3 690 689 289
3 290 688 589
3 291 682 292
3 294 683 291
3 291 683 682
3 292 700 304
3 292 682 681
3 292 681 700
3 293 685 294
3 296 687 293
3 293 686 685
3 293 687 686
3 294 684 683
3 294 685 684
3 296 295 677
3 299 679 295
3 295 678 677
3 295 679 678
3 677 676 296
3 296 676 687
3 297 670 298
3 309 671 297
3 297 671 670
3 298 680 299
3 298 670 669
3 298 669 680
3 299 680 679
3 665 301 300
3 666 300 303
3 665 300 666
3 301 663 307
3 664 663 301
3 664 301 665
3 668 303 302
3 657 302 312
3 668 302 657
3 666 303 667
3 667 303 668
3 304 699 305
3 304 700 699
3 305 697 306
3 305 698 697
3 699 698 305
3 306 697 696
3 307 675 308
3 663 662 307
3 307 662 675
3 308 673 309
3 308 674 673
3 308 675 674
3 309 672 671
3 309 673 672
3 310 661 311
3 310 314 651
3 651 650 310
3 310 650 661
3 311 660 312
3 311 661 660
3 657 312 658
3 312 659 658
3 312 660 659
3 313 653 314
3 316 654 313
3 313 654 653
3 314 652 651
3 314 653 652
3 315 656 316
3 315 332 646
3 646 645 315
3 315 645 656
3 316 655 654
3 316 656 655
3 633 317 318
3 637 317 633
3 637 636 317
3 634 318 319
3 633 318 634
3 627 319 322
3 626 319 627
3 634 319 626
3 320 631 321
3 335 632 320
3 320 632 631
3 628 322 321
3 628 321 629
3 321 630 629
3 321 631 630
3 627 322 628
3 625 324 323
3 614 323 326
3 625 323 614
3 623 333 324
3 623 324 624
3 624 324 625
3 325 617 326
3 338 618 325
3 325 618 617
3 614 326 615
3 326 616 615
3 326 617 616
3 327 603 328
3 604 603 327
3 604 327 605
3 328 613 329
3 603 602 328
3 328 602 613
3 329 611 336
3 329 612 611
3 329 613 612
3 330 649 331
3 330 341 639
3 639 638 330
3 330 638 649
3 331 648 332
3 331 649 648
3 332 647 646
3 332 648 647
3 622 334 333
3 622 333 623
3 334 620 335
3 621 620 334
3 621 334 622
3 620 619 335
3 335 619 632
3 336 610 337
3 336 611 610
3 338 337 608
3 337 609 608
3 337 610 609
3 608 607 338
3 338 607 618
3 339 642 340
3 339 643 642
3 339 644 643
3 340 641 341
3 340 642 641
3 341 640 639
3 341 641 640
3 342 343 344
3 342 673 343
3 344 540 342
3 342 540 541
3 342 541 542
3 542 672 342
3 342 672 673
3 343 539 344
3 537 538 343
3 343 674 537
3 343 538 539
3 343 673 674
3 345 346 347
3 345 358 346
3 347 352 345
3 346 692 347
3 346 358 359
3 346 359 360
3 360 691 346
3 346 691 692
3 350 351 347
3 347 693 350
3 347 351 352
3 347 692 693
3 348 349 350
3 348 583 349
3 350 694 348
3 581 582 348
3 348 695 581
3 348 582 583
3 348 694 695
3 350 349 351
3 350 693 694
3 353 354 355
3 353 362 354
3 355 689 353
3 360 361 353
3 353 690 360
3 353 361 362
3 353 689 690
3 355 354 356
3 355 356 357
3 357 589 355
3 589 688 355
3 355 688 689
3 356 366 357
3 357 366 367
3 357 367 368
3 368 588 357
3 357 588 589
3 360 359 361
3 360 690 691
3 363 364 365
3 363 585 364
3 365 373 363
3 363 373 374
3 363 374 375
3 375 584 363
3 363 584 585
3 364 372 365
3 370 371 364
3 364 586 370
3 364 371 372
3 364 585 586
3 368 367 369
3 368 369 370
3 370 587 368
3 368 587 588
3 370 369 371
3 370 586 587
3 375 374 376
3 375 376 377
3 377 593 375
3 375 594 584
3 375 593 594
3 376 378 377
3 377 378 379
3 377 379 380
3 380 592 377
3 377 592 593
3 380 379 381
3 380 381 382
3 382 591 380
3 380 591 592
3 381 386 382
3 382 386 387
3 382 387 388
3 388 590 382
3 382 590 591
3 383 384 385
3 383 598 384
3 385 393 383
3 383 393 394
3 383 394 395
3 395 597 383
3 383 597 598
3 384 392 385
3 390 391 384
3 384 599 390
3 384 391 392
3 384 598 599
3 388 387 389
3 388 389 390
3 390 600 388
3 388 601 590
3 388 600 601
3 390 389 391
3 390 599 600
3 395 394 396
3 395 396 397
3 397 596 395
3 395 596 597
3 396 398 397
3 397 398 399
3 397 399 400
3 400 595 397
3 397 595 596
3 400 399 401
3 400 401 402
3 402 605 400
3 400 606 595
3 400 605 606
3 401 406 402
3 402 407 404
3 404 604 402
3 402 406 407
3 402 604 605
3 403 404 405
3 403 603 404
3 405 409 403
3 403 409 410
3 403 410 411
3 411 602 403
3 403 602 603
3 404 408 405
3 404 407 408
3 404 603 604
3 411 410 412
3 411 412 413
3 413 612 411
3 411 613 602
3 411 612 613
3 413 412 414
3 413 414 415
3 415 611 413
3 413 611 612
3 415 414 416
3 415 416 417
3 417 610 415
3 415 610 611
3 417 416 418
3 418 422 417
3 417 422 423
3 417 423 424
3 424 609 417
3 417 609 610
3 419 420 421
3 419 615 420
3 421 433 419
3 419 433 434
3 419 434 435
3 435 614 419
3 419 614 615
3 420 432 421
3 430 431 420
3 420 616 430
3 420 431 432
3 420 615 616
3 424 423 425
3 424 425 426
3 426 608 424
3 424 608 609
3 426 425 427
3 426 427 428
3 428 607 426
3 426 607 608
3 428 427 429
3 428 429 430
3 430 617 428
3 428 618 607
3 428 617 618
3 430 429 431
3 430 616 617
3 435 434 436
3 435 436 437
3 437 624 435
3 435 625 614
3 435 624 625
3 437 436 438
3 437 438 439
3 439 623 437
3 437 623 624
3 439 438 440
3 439 440 441
3 441 622 439
3 439 622 623
3 441 440 442
3 442 443 441
3 441 443 444
3 441 444 445
3 445 621 441
3 441 621 622
3 445 444 446
3 445 446 447
3 447 620 445
3 445 620 621
3 446 448 447
3 447 448 449
3 447 449 450
3 450 619 447
3 447 619 620
3 450 449 451
3 450 451 452
3 452 631 450
3 450 632 619
3 450 631 632
3 452 451 453
3 452 453 454
3 454 630 452
3 452 630 631
3 453 455 454
3 454 455 456
3 454 456 457
3 457 629 454
3 454 629 630
3 457 456 458
3 457 458 459
3 459 628 457
3 457 628 629
3 459 458 460
3 459 460 461
3 461 627 459
3 459 627 628
3 461 460 462
3 461 462 463
3 463 626 461
3 461 626 627
3 463 462 464
3 463 464 465
3 465 633 463
3 463 634 626
3 463 633 634
3 464 466 465
3 465 466 467
3 465 467 468
3 468 637 465
3 465 637 633
3 468 467 469
3 468 469 470
3 470 636 468
3 468 636 637
3 469 471 470
3 470 471 472
3 470 472 473
3 473 635 470
3 470 635 636
3 473 472 474
3 473 474 475
3 475 643 473
3 473 644 635
3 473 643 644
3 474 476 475
3 475 476 477
3 475 477 478
3 478 642 475
3 475 642 643
3 478 477 479
3 478 479 480
3 480 641 478
3 478 641 642
3 480 479 481
3 480 481 482
3 482 640 480
3 480 640 641
3 481 483 482
3 482 483 484
3 482 484 485
3 485 639 482
3 482 639 640
3 485 484 486
3 485 486 487
3 487 638 485
3 485 638 639
3 487 486 488
3 487 488 489
3 489 648 487
3 487 649 638
3 487 648 649
3 495 489 488
3 494 493 489
3 493 647 489
3 494 489 495
3 489 647 648
3 490 491 492
3 490 496 491
3 492 491 493
3 491 646 493
3 491 496 497
3 491 497 498
3 498 645 491
3 491 645 646
3 492 493 494
3 493 646 647
3 498 497 499
3 498 499 500
3 500 655 498
3 498 656 645
3 498 655 656
3 499 501 500
3 500 501 502
3 500 502 503
3 503 654 500
3 500 654 655
3 503 502 504
3 503 504 505
3 505 653 503
3 503 653 654
3 504 509 505
3 505 509 510
3 505 510 511
3 511 652 505
3 505 652 653
3 506 507 508
3 506 660 507
3 508 516 506
3 506 516 517
3 506 517 518
3 518 659 506
3 506 659 660
3 507 515 508
3 513 514 507
3 507 650 513
3 507 514 515
3 507 661 650
3 507 660 661
3 511 510 512
3 511 512 513
3 513 651 511
3 511 651 652
3 513 512 514
3 513 650 651
3 518 517 519
3 518 519 520
3 520 658 518
3 518 658 659
3 519 521 520
3 520 521 522
3 520 522 523
3 523 657 520
3 520 657 658
3 523 522 524
3 523 524 525
3 525 667 523
3 523 668 657
3 523 667 668
3 525 524 526
3 525 526 527
3 527 666 525
3 525 666 667
3 527 526 528
3 527 528 529
3 529 665 527
3 527 665 666
3 529 528 530
3 530 531 529
3 529 531 532
3 529 532 533
3 533 664 529
3 529 664 665
3 533 532 534
3 533 534 535
3 535 663 533
3 533 663 664
3 535 534 536
3 535 536 537
3 537 662 535
3 535 662 663
3 537 536 538
3 537 675 662
3 537 674 675
3 542 541 543
3 542 543 544
3 544 671 542
3 542 671 672
3 544 543 545
3 544 545 546
3 546 670 544
3 544 670 671
3 552 546 545
3 551 550 546
3 550 669 546
3 551 546 552
3 546 669 670
3 547 548 549
3 547 553 548
3 549 548 550
3 548 679 550
3 548 553 554
3 548 554 555
3 555 678 548
3 548 678 679
3 549 550 551
3 550 680 669
3 550 679 680
3 555 554 556
3 555 556 557
3 557 677 555
3 555 677 678
3 557 556 558
3 557 558 559
3 559 676 557
3 557 676 677
3 558 560 559
3 559 560 561
3 559 561 562
3 562 686 559
3 559 687 676
3 559 686 687
3 562 561 563
3 562 563 564
3 564 685 562
3 562 685 686
3 563 570 564
3 564 570 571
3 564 571 572
3 572 684 564
3 564 684 685
3 565 566 567
3 565 576 566
3 567 681 565
3 574 575 565
3 565 682 574
3 565 575 576
3 565 681 682
3 567 566 568
3 567 568 569
3 569 699 567
3 567 700 681
3 567 699 700
3 568 577 569
3 569 577 578
3 569 578 579
3 579 698 569
3 569 698 699
3 572 571 573
3 572 573 574
3 574 683 572
3 572 683 684
3 574 573 575
3 574 682 683
3 579 578 580
3 579 580 581
3 581 697 579
3 579 697 698
3 581 580 582
3 695 696 581
3 581 696 697
3 741 702 701
3 701 740 741
3 741 703 702
3 704 703 741
3 741 705 704
3 741 706 705
3 707 706 741
3 741 708 707
3 741 709 708
3 710 709 741
3 741 711 710
3 741 712 711
3 713 712 741
3 741 714 713
3 741 715 714
3 716 715 741
3 741 717 716
3 741 718 717
3 719 718 741
3 720 719 741
3 741 721 720
3 741 722 721
3 723 722 741
3 741 724 723
3 741 725 724
3 726 725 741
3 741 727 726
3 741 728 727
3 729 728 741
3 741 730 729
3 741 731 730
3 732 731 741
3 741 733 732
3 741 734 733
3 735 734 741
3 741 736 735
3 741 737 736
3 738 737 741
3 741 739 738
3 741 740 739
3 823 743 742
3 824 742 791
3 823 742 824
3 822 744 743
3 822 743 823
3 821 745 744
3 821 744 822
3 821 746 745
3 829 747 746
3 829 746 821
3 828 748 747
3 828 747 829
3 827 749 748
3 827 748 828
3 826 750 749
3 826 749 827
3 798 751 750
3 798 750 826
3 752 751 798
3 797 753 752
3 797 752 798
3 796 754 753
3 796 753 797
3 795 755 754
3 795 754 796
3 794 756 755
3 794 755 795
3 793 757 756
3 793 756 794
3 792 758 757
3 792 757 793
3 792 759 758
3 820 760 759
3 820 759 792
3 819 761 760
3 819 760 820
3 818 762 761
3 818 761 819
3 817 763 762
3 817 762 818
3 816 764 763
3 816 763 817
3 816 765 764
3 833 766 765
3 833 765 816
3 832 767 766
3 832 766 833
3 831 768 767
3 831 767 832
3 830 769 768
3 830 768 831
3 804 770 769
3 804 769 830
3 771 770 804
3 803 772 771
3 803 771 804
3 802 773 772
3 802 772 803
3 801 774 773
3 801 773 802
3 800 775 774
3 800 774 801
3 799 776 775
3 799 775 800
3 799 777 776
3 810 778 777
3 810 777 799
3 809 779 778
3 809 778 810
3 808 780 779
3 808 779 809
3 807 781 780
3 807 780 808
3 806 782 781
3 806 781 807
3 805 783 782
3 805 782 806
3 805 784 783
3 815 785 784
3 815 784 805
3 814 786 785
3 814 785 815
3 813 787 786
3 813 786 814
3 812 788 787
3 812 787 813
3 811 789 788
3 811 788 812
3 811 790 789
3 825 791 790
3 825 790 811
3 824 791 825
3 834 792 793
3 820 792 834
3 793 794 834
3 794 795 834
3 834 795 796
3 796 797 834
3 797 798 834
3 834 798 826
3 834 799 800
3 810 799 834
3 800 801 834
3 801 802 834
3 834 802 803
3 803 804 834
3 804 830 834
3 834 805 806
3 815 805 834
3 806 807 834
3 807 808 834
3 834 808 809
3 809 810 834
3 811 812 834
3 834 825 811
3 812 813 834
3 834 813 814
3 814 815 834
3 816 817 834
3 834 833 816
3 817 818 834
3 834 818 819
3 819 820 834
3 821 822 834
3 829 821 834
3 834 822 823
3 823 824 834
3 824 825 834
3 826 827 834
3 827 828 834
3 834 828 829
3 834 830 831
3 831 832 834
3 832 833 834
4 312 659 506 518
4 489 332 647 493
4 660 312 659 506
4 489 332 648 647
4 569 305 698 579
4 550 157 546 845
4 402 327 604 404
4 569 305 699 698
4 402 327 605 604
4 511 513 131 846
4 124 503 505 847
4 415 417 51 849
4 544 546 150 846
4 317 637 465 468
4 548 156 550 845
4 633 317 637 465
4 415 55 413 849
4 295 678 548 555
4 301 664 529 533
4 149 542 544 846
4 665 301 664 529
4 513 507 130 846
4 555 160 548 845
4 679 295 678 548
4 280 377 592 593
4 377 280 592 380
4 346 691 288 692
4 691 346 288 360
4 498 500 120 847
4 622 334 621 441
4 334 621 441 445
4 557 159 555 845
4 507 506 125 846
4 417 609 337 610
4 55 411 413 849
4 609 417 337 424
4 505 652 314 653
4 546 845 157 846
4 652 505 314 511
4 480 640 341 641
4 342 144 343 846
4 640 480 341 482
4 518 136 506 846
4 403 411 56 849
4 115 491 498 847
4 165 557 559 845
4 177 581 348 845
4 834 849 845 851
4 382 388 29 849
4 491 108 493 847
4 574 683 291 572
4 404 403 45 849
4 520 135 518 846
4 173 568 567 566
4 579 581 175 845
4 309 342 673 308
4 671 297 544 542
4 145 537 343 846
4 324 623 439 333
4 329 611 415 336
4 404 49 402 849
4 318 319 463 634
4 419 435 69 848
4 489 493 109 847
4 68 437 439 848
4 666 303 300 527
4 384 36 390 849
4 356 354 355 187
4 569 579 3 845
4 146 535 537 846
4 520 523 132 846
4 482 97 480 847
4 400 606 276 275
4 478 480 97 847
4 71 445 447 848
4 533 535 142 846
4 41 400 402 849
4 834 845 265 846
4 572 168 564 845
4 397 38 395 849
4 485 107 482 847
4 298 550 299 680
4 395 39 383 849
4 523 525 137 846
4 9 527 529 846
4 171 572 574 845
4 441 66 439 848
4 567 700 304 292
4 574 565 170 845
4 441 445 74 848
4 485 487 106 847
4 529 533 143 846
4 400 43 397 849
4 277 594 375 278
4 567 173 565 845
4 525 527 10 846
4 487 330 649 331
4 376 21 374 375
4 310 661 507 311
4 341 639 482 485
4 314 513 651 511
4 696 287 695 581
4 327 603 404 403
4 280 591 380 382
4 332 646 493 491
4 690 288 353 360
4 627 322 461 459
4 157 845 151 846
4 620 445 334 447
4 312 658 518 520
4 636 317 470 468
4 525 666 303 667
4 364 284 585 363
4 633 318 463 634
4 337 608 424 426
4 500 654 316 655
4 475 642 339 643
4 122 511 131 846
4 342 542 309 672
4 595 400 397 275
4 544 546 297 670
4 667 523 668 303
4 339 644 473 643
4 684 294 572 564
4 622 441 439 333
4 316 656 498 655
4 336 415 417 610
4 463 461 626 319
4 682 291 565 574
4 295 555 557 677
4 305 697 579 581
4 657 523 520 302
4 550 679 299 680
4 567 699 304 700
4 663 535 533 301
4 485 638 487 330
4 152 546 157 846
4 313 653 503 505
4 157 550 156 845
4 404 604 603 327
4 332 646 647 493
4 633 463 318 465
4 622 439 623 333
4 340 478 480 641
4 518 659 658 312
4 377 380 27 851
4 350 693 286 694
4 347 183 350 851
4 274 596 395 397
4 341 639 640 482
4 437 623 324 624
4 324 625 435 624
4 611 415 336 610
4 400 605 276 606
4 309 673 342 672
4 595 606 400 275
4 652 314 651 511
4 650 507 513 310
4 363 277 584 375
4 537 662 307 535
4 562 685 293 686
4 294 684 685 564
4 319 626 463 634
4 592 280 591 380
4 322 627 628 459
4 293 687 559 686
4 343 673 308 674
4 676 559 557 296
4 308 675 537 674
4 317 636 637 468
4 288 690 691 360
4 88 87 81 850
4 683 291 572 294
4 654 653 503 313
4 413 611 329 612
4 278 594 375 593
4 507 660 311 661
4 87 86 81 850
4 334 621 445 620
4 641 340 478 642
4 585 586 284 364
4 306 697 581 696
4 335 620 447 619
4 527 300 665 529
4 487 648 331 649
4 681 292 567 565
4 817 846 834 847
4 638 487 330 649
4 338 608 426 607
4 309 542 671 672
4 550 546 669 298
4 550 679 548 299
4 294 572 683 684
4 305 697 698 579
4 666 300 665 527
4 520 312 658 657
4 329 613 411 612
4 822 848 834 849
4 567 699 569 304
4 671 297 542 309
4 608 609 337 424
4 594 584 277 375
4 375 377 278 593
4 803 845 834 846
4 675 662 307 537
4 275 596 397 595
4 388 849 382 852
4 535 662 307 663
4 671 544 297 670
4 507 650 661 310
4 150 546 152 846
4 400 605 402 276
4 676 557 677 296
4 296 676 559 687
4 677 295 555 678
4 287 695 581 348
4 285 346 692 347
4 638 485 639 330
4 498 645 315 491
4 602 403 328 411
4 291 682 683 574
4 87 93 86 850
4 286 695 348 694
4 663 533 664 301
4 319 627 461 626
4 473 635 279 470
4 328 603 403 602
4 292 567 700 681
4 646 315 645 491
4 86 93 92 850
4 675 308 537 307
4 513 650 310 651
4 347 692 285 693
4 597 596 395 274
4 281 591 382 590
4 298 669 550 680
4 339 643 473 475
4 655 498 316 500
4 507 660 506 311
4 328 613 602 411
4 289 690 353 689
4 489 331 487 648
4 636 279 635 470
4 315 656 645 498
4 545 543 544 149
4 277 585 363 584
4 473 635 644 279
4 523 657 668 302
4 614 625 435 323
4 687 293 559 296
4 682 292 681 565
4 86 92 91 850
4 674 537 308 343
4 686 559 293 562
4 130 131 513 846
4 298 546 669 670
4 82 88 81 850
4 83 82 76 850
4 124 505 123 847
4 667 523 303 525
4 80 447 450 850
4 548 154 156 845
4 324 624 435 437
4 51 53 415 849
4 694 348 286 350
4 612 411 329 413
4 644 339 473 279
4 92 90 91 850
4 390 849 388 852
4 82 81 76 850
4 435 848 419 854
4 118 503 124 847
4 656 316 498 315
4 150 149 544 846
4 178 845 348 851
4 154 548 153 845
4 534 532 533 143
4 91 90 89 850
4 181 347 346 851
4 546 265 550 845
4 384 849 390 852
4 244 205 245 265
4 229 230 228 236
4 209 207 205 208
4 206 205 207 208
4 271 272 270 194
4 193 271 195 194
4 271 272 194 193
4 221 223 222 224
4 241 242 244 243
4 121 846 817 847
4 822 52 848 849
4 89 96 91 850
4 153 548 160 845
4 84 83 76 850
4 519 517 518 136
4 613 329 411 328
4 151 845 803 846
4 179 845 178 851
4 380 851 377 852
4 129 130 507 846
4 660 312 506 311
4 383 849 384 852
4 489 331 648 332
4 633 317 465 318
4 696 287 581 306
4 507 125 129 846
4 377 851 375 852
4 395 849 383 852
4 159 160 555 845
4 415 53 55 849
4 523 668 303 302
4 402 327 276 605
4 119 120 500 847
4 520 312 657 302
4 569 305 304 699
4 95 94 91 850
4 513 511 199 846
4 147 542 149 846
4 817 834 818 847
4 80 73 848 850
4 76 85 84 850
4 52 13 14 848
4 548 550 263 845
4 622 334 441 333
4 679 295 548 299
4 625 324 435 323
4 152 157 151 846
4 157 156 151 845
4 96 95 91 850
4 52 57 13 848
4 802 834 803 845
4 343 673 342 308
4 653 314 505 313
4 641 341 480 340
4 122 131 121 846
4 610 337 417 336
4 695 286 348 287
4 821 834 822 848
4 280 377 593 278
4 123 121 117 847
4 150 152 151 846
4 156 155 151 845
4 201 505 503 847
4 124 123 117 847
4 796 795 834 847
4 822 834 823 849
4 77 85 76 850
4 156 154 155 845
4 665 301 529 300
4 360 0 346 851
4 692 288 346 285
4 121 130 126 846
4 150 151 148 846
4 363 375 21 851
4 525 666 527 303
4 121 131 130 846
4 620 335 447 334
4 51 52 53 849
4 118 124 117 847
4 341 639 485 330
4 803 834 804 846
4 13 12 14 848
4 603 328 403 327
4 646 332 315 491
4 819 818 834 847
4 816 834 817 846
4 127 125 506 846
4 155 154 153 845
4 627 319 461 322
4 148 149 150 846
4 813 834 814 849
4 608 338 426 337
4 651 310 513 314
4 437 623 439 324
4 557 165 159 845
4 119 118 117 847
4 52 54 53 849
4 544 542 267 846
4 58 14 12 848
4 58 59 14 848
4 153 160 155 845
4 591 281 382 280
4 834 802 801 845
4 197 507 513 846
4 413 611 415 329
4 306 697 305 581
4 101 473 475 850
4 55 53 54 849
4 555 548 263 845
4 795 794 834 847
4 119 113 120 847
4 797 834 798 848
4 119 117 113 847
4 829 834 821 848
4 159 155 160 845
4 823 834 824 849
4 279 636 317 470
4 557 295 677 296
4 129 126 130 846
4 690 289 353 288
4 307 535 663 301
4 158 155 159 845
4 834 809 808 845
4 125 126 129 846
4 55 56 411 849
4 450 452 79 850
4 147 149 148 846
4 191 190 17 851
4 596 275 397 274
4 191 17 188 851
4 819 834 820 847
4 127 126 125 846
4 585 277 363 284
4 127 128 126 846
4 10 134 137 846
4 47 56 55 849
4 147 8 6 846
4 804 834 830 846
4 147 148 8 846
4 812 834 813 849
4 77 76 78 850
4 159 165 158 845
4 833 834 816 846
4 179 176 178 845
4 58 60 59 848
4 47 55 54 849
4 97 102 99 847
4 110 116 115 847
4 103 107 106 847
4 113 114 120 847
4 61 59 60 848
4 69 62 70 848
4 138 139 11 846
4 10 11 134 846
4 24 29 26 849
4 67 68 66 848
4 231 415 413 849
4 11 9 138 846
4 66 64 67 848
4 5 173 172 845
4 30 26 29 849
4 167 170 169 845
4 793 834 794 847
4 498 120 114 847
4 103 106 105 847
4 141 139 142 846
4 37 34 38 849
4 192 191 188 851
4 187 189 188 851
4 139 143 142 846
4 169 173 5 845
4 64 75 74 848
4 42 37 43 849
4 169 170 174 845
4 42 43 41 849
4 39 38 34 849
4 73 64 74 848
4 800 834 801 845
4 110 115 113 847
4 29 31 30 849
4 166 168 167 845
4 824 834 825 849
4 112 111 105 847
4 34 30 35 849
4 140 139 138 846
4 189 192 188 851
4 24 382 29 849
4 158 164 163 845
4 115 114 113 847
4 67 62 69 848
4 59 61 62 848
4 111 110 105 847
4 163 164 162 845
4 187 188 185 851
4 102 103 99 847
4 826 798 834 848
4 166 167 163 845
4 820 834 792 847
4 65 75 64 848
4 38 44 37 849
4 135 128 136 846
4 828 834 829 848
4 141 145 8 846
4 170 167 171 845
4 136 128 127 846
4 34 35 33 849
4 190 16 17 851
4 143 139 140 846
4 176 5 175 845
4 36 35 30 849
4 177 178 176 845
4 49 48 42 849
4 165 164 158 845
4 145 144 8 846
4 44 43 37 849
4 108 116 110 847
4 74 72 73 848
4 503 500 201 847
4 175 5 3 845
4 128 135 134 846
4 809 834 810 845
4 792 834 793 847
4 47 42 48 849
4 168 171 167 845
4 524 522 523 132
4 34 32 39 849
4 811 834 812 849
4 7 6 8 846
4 66 65 64 848
4 142 146 141 846
4 145 141 146 846
4 177 176 175 845
4 34 33 32 849
4 30 31 36 849
4 41 40 42 849
4 56 47 45 849
4 137 134 132 846
4 144 7 8 846
4 109 108 110 847
4 42 40 49 849
4 48 46 47 849
4 107 103 104 847
4 169 174 173 845
4 133 134 135 846
4 297 546 298 670
4 9 11 10 846
4 111 109 110 847
4 825 834 811 849
4 830 834 831 846
4 72 71 73 848
4 71 80 73 848
4 46 45 47 849
4 4 3 5 845
4 172 4 5 845
4 832 834 833 846
4 161 166 163 845
4 62 61 63 848
4 162 161 163 845
4 682 291 292 565
4 63 70 62 848
4 112 105 106 847
4 133 132 134 846
4 102 104 103 847
4 799 834 800 845
4 826 834 827 848
4 828 827 834 848
4 67 69 68 848
4 799 810 834 845
4 834 832 831 846
4 16 15 17 851
4 136 127 506 846
4 806 834 807 851
4 95 101 94 850
4 80 848 447 850
4 79 77 78 850
4 17 15 18 851
4 19 17 18 851
4 815 834 805 851
4 805 834 806 851
4 741 260 224 244
4 228 230 741 236
4 185 186 187 851
4 363 18 364 851
4 342 267 542 846
4 353 184 360 851
4 115 498 114 847
4 18 20 19 851
4 121 817 818 847
4 197 506 507 846
4 184 186 185 851
4 342 6 7 846
4 135 136 518 846
4 165 559 164 845
4 265 845 546 846
4 94 101 100 850
4 185 2 184 851
4 115 116 491 847
4 78 848 73 850
4 375 851 363 853
4 231 413 411 849
4 21 19 20 851
4 184 2 0 851
4 201 500 498 847
4 177 348 178 845
4 463 462 88 464
4 479 477 478 98
4 56 45 403 849
4 21 22 19 851
4 203 205 834 847
4 195 518 506 846
4 342 7 144 846
4 21 23 22 851
4 201 203 834 847
4 343 269 342 846
4 2 1 0 851
4 1 2 181 851
4 557 261 559 845
4 80 79 73 850
4 389 387 388 29
4 181 2 182 851
4 180 179 178 851
4 581 253 348 845
4 2 179 182 851
4 177 175 581 845
4 46 404 45 849
4 364 16 370 851
4 28 22 23 851
4 27 25 26 851
4 63 419 70 848
4 241 243 834 849
4 26 22 27 851
4 27 22 28 851
4 183 182 179 851
4 79 78 73 850
4 343 144 145 846
4 179 180 183 851
4 52 14 822 848
4 520 133 135 846
4 411 403 233 849
4 243 245 834 849
4 48 404 46 849
4 473 96 470 850
4 14 821 822 848
4 491 203 498 847
4 109 493 108 847
4 31 390 36 849
4 355 187 353 851
4 491 116 108 847
4 520 518 195 846
4 247 834 245 849
4 579 255 581 845
4 257 259 834 845
4 255 257 834 845
4 261 834 259 845
4 175 3 579 845
4 537 269 343 846
4 133 520 132 846
4 822 823 52 849
4 261 263 834 845
4 452 454 77 850
4 562 559 261 845
4 223 834 221 848
4 145 146 537 846
4 111 489 109 847
4 179 808 845 851
4 404 233 403 849
4 263 265 834 845
4 491 493 203 847
4 384 35 36 849
4 117 121 818 847
4 342 344 144 540
4 491 492 108 490
4 368 370 190 851
4 419 69 70 848
4 564 166 161 845
4 564 562 259 845
4 452 850 450 855
4 529 528 9 530
4 569 255 579 845
4 535 269 537 846
4 137 132 523 846
4 106 107 485 847
4 35 384 33 849
4 4 569 3 845
4 404 48 49 849
4 142 535 146 846
4 523 520 195 846
4 404 402 233 849
4 368 191 357 851
4 203 493 489 847
4 142 143 533 846
4 363 851 364 853
4 166 564 168 845
4 533 271 535 846
4 40 402 49 849
4 172 569 4 845
4 736 262 741 735
4 706 202 741 705
4 716 222 741 715
4 726 242 741 725
4 740 270 741 739
4 710 210 741 709
4 730 250 741 729
4 720 230 741 719
4 718 226 741 717
4 738 266 741 737
4 708 206 741 707
4 728 246 741 727
4 714 218 741 713
4 734 258 741 733
4 704 198 741 703
4 741 716 717 224
4 741 204 706 707
4 736 737 741 264
4 727 741 726 244
4 196 741 703 702
4 713 741 712 216
4 722 741 236 723
4 741 732 733 256
4 741 728 729 248
4 741 718 719 228
4 738 739 741 268
4 708 741 208 709
4 741 734 735 260
4 704 741 200 705
4 714 715 741 220
4 803 804 148 846
4 569 567 255 845
4 564 259 572 845
4 72 445 71 848
4 71 447 80 848
4 523 193 525 846
4 10 137 525 846
4 117 818 819 847
4 121 126 817 846
4 107 104 482 847
4 180 350 183 851
4 572 259 574 845
4 529 271 533 846
4 32 383 39 849
4 102 482 104 847
4 74 445 72 848
4 41 402 40 849
4 565 574 257 845
4 43 400 41 849
4 816 817 126 846
4 168 572 171 845
4 527 193 529 846
4 527 525 193 846
4 112 106 487 847
4 151 803 148 846
4 567 565 257 845
4 66 68 439 848
4 26 813 814 849
4 482 102 97 847
4 27 380 25 851
4 75 441 74 848
4 480 478 209 847
4 395 38 39 849
4 170 171 574 845
4 44 397 43 849
4 140 138 529 846
4 489 487 205 847
4 565 174 170 845
4 143 140 529 846
4 541 540 342 6
4 482 480 207 847
4 9 10 527 846
4 487 485 207 847
4 565 173 174 845
4 485 482 207 847
4 251 347 350 851
4 441 75 65 848
4 397 44 38 849
4 138 9 529 846
4 76 797 848 850
4 425 57 423 424
4 441 65 66 848
4 54 52 823 849
4 802 158 801 845
4 347 182 183 851
4 14 59 821 848
4 794 795 91 847
4 89 468 470 850
4 457 84 454 850
4 797 798 76 848
4 364 851 370 853
4 829 821 59 848
4 235 233 231 837
4 823 824 54 849
4 117 819 113 847
4 809 176 808 845
4 355 851 353 853
4 454 850 452 855
4 94 847 91 850
4 27 28 377 851
4 482 481 97 483
4 209 475 473 850
4 155 158 802 845
4 80 450 79 850
4 91 94 794 847
4 110 819 820 847
4 364 371 16 372
4 181 182 347 851
4 126 128 816 846
4 808 2 807 851
4 812 813 30 849
4 804 830 8 846
4 404 407 49 408
4 368 370 851 853
4 28 23 377 851
4 148 804 8 846
4 833 816 128 846
4 357 851 355 853
4 179 808 176 845
4 439 438 68 440
4 47 54 824 849
4 368 851 357 853
4 793 794 99 847
4 30 813 26 849
4 800 801 163 845
4 83 457 459 850
4 461 850 459 855
4 179 2 808 851
4 468 92 465 850
4 824 825 42 849
4 457 850 454 855
4 113 819 110 847
4 829 59 62 848
4 56 412 411 410
4 19 814 815 851
4 1 181 346 851
4 211 473 470 850
4 826 78 798 848
4 105 820 792 847
4 76 848 78 850
4 62 828 829 848
4 89 471 470 469
4 809 810 5 845
4 177 583 348 582
4 798 78 76 848
4 99 794 94 847
4 459 850 457 855
4 34 811 812 849
4 349 178 583 348
4 801 158 163 845
4 103 792 793 847
4 463 88 461 850
4 825 811 37 849
4 415 414 55 416
4 1 346 0 851
4 830 831 141 846
4 441 440 66 442
4 134 832 833 846
4 128 134 833 846
4 461 88 459 850
4 101 475 100 850
4 47 824 42 849
4 245 205 834 265
4 211 470 468 850
4 830 141 8 846
4 799 800 167 845
4 22 814 19 851
4 93 463 465 850
4 820 105 110 847
4 5 176 809 845
4 34 812 30 849
4 185 806 807 851
4 799 169 810 845
4 64 827 828 848
4 436 434 435 69
4 826 827 73 848
4 139 831 832 846
4 99 103 793 847
4 560 559 561 164
4 76 81 797 850
4 67 828 62 848
4 184 0 360 851
4 792 103 105 847
4 17 815 805 851
4 42 825 37 849
4 2 185 807 851
4 37 811 34 849
4 417 416 51 418
4 73 78 826 848
4 384 391 36 392
4 167 800 163 845
4 213 468 465 850
4 134 11 832 846
4 188 805 806 851
4 139 141 831 846
4 21 20 363 851
4 810 169 5 845
4 165 560 559 558
4 512 123 511 122
4 67 64 828 848
4 375 852 851 853
4 799 167 169 845
4 79 452 77 850
4 11 139 832 846
4 73 827 64 848
4 464 465 93 463
4 463 213 465 850
4 17 19 815 851
4 454 453 77 455
4 353 186 184 851
4 251 845 249 851
4 420 431 61 432
4 806 185 188 851
4 363 20 18 851
4 462 463 88 461
4 95 473 101 850
4 805 188 17 851
4 15 364 18 851
4 186 353 187 851
4 460 83 459 82
4 364 15 16 851
4 190 370 16 851
4 438 439 68 437
4 473 95 96 850
4 368 190 191 851
4 189 357 192 851
4 192 357 191 851
4 77 454 85 850
4 199 505 201 847
4 550 265 263 845
4 507 514 130 515
4 799 777 169 776
4 85 454 84 850
4 798 752 76 751
4 821 746 59 745
4 804 771 148 770
4 811 790 37 789
4 816 765 128 764
4 337 426 424 854
4 197 513 199 846
4 414 415 55 413
4 382 380 280 852
4 792 759 105 758
4 805 784 17 783
4 202 200 741 705
4 222 741 715 220
4 735 262 741 260
4 230 741 719 228
4 250 741 729 248
4 270 741 739 268
4 741 210 208 709
4 713 741 216 218
4 196 741 198 703
4 256 733 741 258
4 264 737 741 266
4 204 741 206 707
4 741 727 246 244
4 226 741 717 224
4 198 704 741 200
4 258 734 741 260
4 218 714 741 220
4 222 716 741 224
4 262 736 741 264
4 202 706 741 204
4 242 726 741 244
4 266 738 741 268
4 226 718 741 228
4 206 708 741 208
4 246 728 741 248
4 284 363 364 853
4 89 470 96 850
4 84 457 83 850
4 459 322 461 855
4 284 277 363 853
4 540 144 342 7
4 322 319 461 855
4 797 753 81 752
4 810 778 5 777
4 803 772 151 771
4 829 747 62 746
4 473 472 96 474
4 825 791 42 790
4 833 766 134 765
4 815 785 19 784
4 820 760 110 759
4 754 86 796 753
4 809 779 176 778
4 3 569 578 579
4 460 458 459 83
4 90 468 89 850
4 802 155 772 773
4 748 67 828 747
4 11 767 766 832
4 181 345 346 347
4 201 498 203 847
4 791 824 47 742
4 761 760 113 819
4 22 786 785 814
4 783 188 805 782
4 789 34 811 788
4 179 779 808 780
4 758 103 792 757
4 764 126 816 763
4 749 64 827 748
4 774 158 801 773
4 91 755 754 795
4 342 269 267 846
4 745 14 821 744
4 770 8 804 769
4 751 750 78 798
4 768 139 831 767
4 743 54 823 742
4 799 167 775 776
4 762 117 818 761
4 141 768 830 769
4 787 26 813 786
4 2 781 780 807
4 94 756 755 794
4 787 812 30 788
4 782 185 806 781
4 774 800 163 775
4 757 99 793 756
4 750 749 73 826
4 744 743 52 822
4 817 763 121 762
4 468 90 92 850
4 231 411 233 849
4 195 506 197 846
4 459 82 83 850
4 597 395 383 852
4 571 572 168 564
4 590 388 382 852
4 367 368 191 357
4 253 581 255 845
4 614 435 419 854
4 370 586 364 853
4 353 689 355 853
4 419 615 614 854
4 487 486 106 488
4 82 459 88 850
4 457 628 459 855
4 261 259 562 845
4 463 87 88 850
4 253 845 251 851
4 93 465 92 850
4 597 274 395 852
4 586 370 587 853
4 350 253 251 851
4 619 450 447 855
4 269 535 271 846
4 203 489 205 847
4 554 555 160 548
4 614 323 435 854
4 195 193 523 846
4 284 364 586 853
4 235 233 402 849
4 354 355 187 353
4 255 567 257 845
4 567 566 565 173
4 590 601 388 852
4 457 629 628 855
4 332 489 203 493
4 87 463 93 850
4 322 459 628 855
4 574 259 257 845
4 271 529 193 846
4 312 506 195 518
4 337 338 426 854
4 472 473 96 470
4 590 382 281 852
4 299 263 548 550
4 209 207 480 847
4 281 382 280 852
4 355 689 688 853
4 339 473 209 475
4 207 205 487 847
4 343 308 342 269
4 213 847 211 850
4 567 569 255 304
4 255 305 579 581
4 402 327 404 233
4 487 207 485 330
4 215 217 848 855
4 619 447 335 855
4 529 527 300 193
4 291 574 572 259
4 417 229 415 336
4 316 498 201 500
4 310 507 513 197
4 470 317 211 468
4 307 537 535 269
4 289 689 353 853
4 565 291 257 574
4 490 108 491 116
4 209 473 211 850
4 480 341 482 207
4 267 544 297 542
4 203 332 493 491
4 559 261 557 296
4 505 503 313 201
4 397 400 235 275
4 328 403 233 411
4 511 314 513 199
4 523 303 525 193
4 312 518 195 520
4 505 314 511 199
4 333 441 439 221
4 564 294 572 259
4 379 27 377 380
4 619 632 450 855
4 542 267 342 309
4 301 535 533 271
4 327 404 233 403
4 353 288 289 853
4 335 447 334 855
4 482 207 341 485
4 287 581 253 348
4 530 9 529 138
4 600 390 388 852
4 257 567 292 565
4 525 303 527 193
4 569 305 579 255
4 480 209 478 340
4 213 318 463 465
4 295 548 263 555
4 601 600 388 852
4 598 383 384 852
4 276 235 402 400
4 413 329 415 231
4 251 346 285 347
4 301 529 271 533
4 317 465 213 468
4 286 348 253 350
4 550 546 298 265
4 293 559 261 562
4 326 614 615 854
4 523 195 520 302
4 308 537 269 343
4 507 311 506 197
4 498 315 203 491
4 329 411 231 413
4 586 587 283 853
4 331 489 487 205
4 598 384 599 852
4 428 617 430 854
4 279 211 473 470
4 428 618 617 854
4 615 419 420 854
4 203 331 489 332
4 312 506 311 195
4 355 589 357 853
4 355 688 589 853
4 544 545 150 546
4 587 370 368 853
4 550 157 551 546
4 263 298 550 299
4 217 219 848 855
4 615 420 616 854
4 209 279 473 339
4 390 599 384 852
4 229 329 415 336
4 387 29 382 388
4 327 402 276 233
4 255 567 304 292
4 269 301 535 307
4 253 305 581 306
4 305 569 304 255
4 390 600 599 852
4 590 281 601 852
4 316 498 315 201
4 587 368 588 853
4 286 348 287 253
4 321 628 629 855
4 287 581 306 253
4 291 572 294 259
4 317 465 318 213
4 295 557 261 296
4 523 303 193 302
4 333 439 324 221
4 483 97 482 102
4 450 631 452 855
4 480 341 207 340
4 295 548 299 263
4 91 794 755 795
4 542 297 267 309
4 450 632 631 855
4 309 267 342 308
4 241 849 239 852
4 314 310 513 199
4 629 457 454 855
4 505 314 199 313
4 293 559 296 261
4 527 303 300 193
4 243 849 241 852
4 233 327 403 328
4 616 420 430 854
4 334 441 333 221
4 463 319 318 213
4 417 337 229 336
4 301 529 300 271
4 308 537 307 269
4 485 207 341 330
4 442 66 441 65
4 617 616 430 854
4 195 312 520 302
4 276 235 400 275
4 329 411 328 231
4 357 588 368 853
4 629 454 630 855
4 546 297 298 265
4 292 291 257 565
4 332 203 315 491
4 278 375 277 243
4 507 310 311 197
4 330 487 205 331
4 357 589 588 853
4 209 211 847 850
4 289 688 689 853
4 211 279 317 470
4 347 351 183 352
4 372 16 364 15
4 239 849 237 852
4 619 335 632 855
4 452 630 454 855
4 597 273 274 852
4 452 631 630 855
4 408 49 404 48
4 326 323 614 854
4 359 360 0 346
4 283 284 586 853
4 548 549 156 547
4 579 580 175 581
4 213 211 468 850
4 243 852 375 853
4 282 600 601 852
4 534 533 142 143
4 249 851 247 853
4 779 809 176 808
4 748 828 64 827
4 773 802 158 801
4 796 754 795 91
4 767 139 831 832
4 742 824 54 823
4 368 369 190 370
4 761 117 818 819
4 813 786 26 814
4 56 412 55 411
4 141 768 831 830
4 628 321 322 855
4 808 807 2 780
4 812 811 34 788
4 806 781 185 807
4 798 750 78 826
4 816 817 763 126
4 30 813 812 787
4 167 800 799 775
4 800 163 801 774
4 821 744 14 822
4 805 782 188 806
4 793 99 794 756
4 804 8 830 769
4 793 792 103 757
4 827 73 749 826
4 823 52 743 822
4 818 817 121 762
4 273 598 599 852
4 815 785 814 19
4 564 563 161 570
4 820 760 819 110
4 794 91 755 94
4 589 688 290 853
4 71 448 447 446
4 617 618 325 854
4 273 599 600 852
4 825 791 824 42
4 766 833 134 832
4 587 588 283 853
4 326 615 616 854
4 583 177 348 178
4 808 176 779 179
4 829 747 828 62
4 86 754 796 91
4 631 632 320 855
4 155 802 158 773
4 828 64 67 748
4 617 326 616 854
4 785 814 19 22
4 760 819 110 113
4 283 588 589 853
4 139 767 11 832
4 824 54 47 742
4 797 753 796 81
4 778 810 5 809
4 117 761 113 819
4 134 766 832 11
4 791 824 42 47
4 22 26 786 814
4 464 88 463 87
4 556 557 159 555
4 520 518 135 519
4 525 524 523 137
4 179 808 2 780
4 747 828 62 67
4 158 774 801 163
4 64 749 827 73
4 139 768 831 141
4 753 796 81 86
4 55 411 412 413
4 5 778 809 176
4 759 792 105 820
4 321 629 630 855
4 54 743 823 52
4 784 805 17 815
4 26 787 813 30
4 117 762 818 121
4 103 758 792 105
4 34 789 811 37
4 188 783 805 17
4 2 781 807 185
4 126 764 816 128
4 94 756 794 99
4 784 17 19 815
4 110 105 820 759
4 14 745 821 59
4 167 163 800 775
4 8 770 804 148
4 830 8 141 769
4 750 73 78 826
4 799 167 776 169
4 812 34 30 788
4 78 76 751 798
4 825 42 37 790
4 185 782 806 188
4 744 52 14 822
4 121 763 817 126
4 273 600 282 852
4 99 757 793 103
4 833 128 765 134
4 321 630 631 855
4 151 148 803 771
4 811 790 825 37
4 816 765 833 128
4 601 281 282 852
4 829 62 59 746
4 777 169 5 810
4 797 81 76 752
4 363 374 21 375
4 821 746 829 59
4 771 804 148 803
4 392 36 384 35
4 471 89 470 96
4 799 777 810 169
4 752 798 76 797
4 283 589 290 853
4 618 338 325 854
4 404 405 45 403
4 289 290 688 853
4 617 325 326 854
4 508 507 506 125
4 335 320 632 855
4 321 631 320 855
4 534 142 533 535
4 397 43 400 399
4 532 529 533 143
4 57 417 423 424
4 146 538 537 536
4 395 394 39 396
4 124 509 505 504
4 459 88 461 460
4 421 419 63 420
4 69 419 434 435
4 100 477 478 475
4 560 165 559 164
4 150 545 544 149
4 441 444 74 445
4 493 494 109 492
4 80 449 450 447
4 396 397 38 395
4 456 457 84 454
4 540 7 342 6
4 512 513 131 511
4 484 482 485 107
4 145 539 343 538
4 41 401 402 400
4 468 467 92 469
4 115 497 498 491
4 416 417 51 415
4 442 65 441 75
4 451 80 449 450
4 469 470 89 468
4 12 427 428 426
4 284 245 277 853
4 331 203 489 205
4 512 123 510 511
4 492 491 108 493
4 506 311 195 197
4 322 215 319 855
4 293 261 259 562
4 308 267 342 269
4 574 291 257 259
4 305 255 253 581
4 350 286 251 253
4 263 298 265 550
4 271 529 300 193
4 402 233 235 276
4 567 255 257 292
4 199 310 513 197
4 205 207 487 330
4 279 209 473 211
4 213 211 317 468
4 201 313 505 199
4 233 328 411 231
4 498 203 315 201
4 269 301 271 535
4 302 523 195 193
4 329 229 415 231
4 480 207 209 340
4 439 324 221 223
4 538 537 343 145
4 273 282 239 852
4 326 325 225 854
4 283 290 247 853
4 289 247 290 853
4 325 338 227 854
4 429 12 427 428
4 351 347 183 350
4 282 281 239 852
4 326 225 323 854
4 335 219 320 855
4 25 381 382 380
4 337 227 338 854
4 97 478 479 480
4 321 320 217 855
4 321 215 322 855
4 281 280 241 852
4 481 482 97 480
4 288 249 289 853
4 335 334 219 855
4 245 284 283 853
4 274 273 237 852
4 123 510 511 505
4 394 395 39 383
4 406 41 401 402
4 352 183 347 182
4 527 526 10 528
4 547 156 548 154
4 485 486 107 106
4 440 68 439 66
4 387 24 386 382
4 528 529 9 527
4 450 451 79 452
4 549 548 156 550
4 365 363 18 364
4 564 161 166 570
4 428 60 430 429
4 371 364 16 370
4 452 79 77 453
4 418 50 51 417
4 416 55 415 53
4 467 468 92 465
4 448 71 447 80
4 344 342 144 343
4 580 3 578 579
4 131 513 514 130
4 504 505 124 503
4 369 191 367 368
4 405 45 46 404
4 476 100 101 475
4 465 464 93 466
4 401 43 399 400
4 245 243 277 853
4 501 119 120 500
4 407 404 49 402
4 440 441 66 439
4 396 39 395 38
4 509 124 505 123
4 379 28 378 377
4 397 396 38 398
4 160 556 555 554
4 385 35 392 384
4 225 325 227 854
4 430 60 61 431
4 363 365 18 373
4 500 499 120 501
4 239 237 273 852
4 219 217 320 855
4 499 115 497 498
4 283 247 245 853
4 429 12 428 58
4 289 249 247 853
4 403 410 56 411
4 281 241 239 852
4 518 136 135 519
4 554 160 153 548
4 352 345 182 347
4 323 225 223 854
4 217 215 321 855
4 475 474 101 476
4 565 575 170 576
4 494 493 109 489
4 353 361 184 362
4 166 571 564 570
4 539 145 343 144
4 405 48 408 404
4 469 92 468 90
4 391 384 36 390
4 523 524 132 137
4 574 573 171 575
4 507 515 130 129
4 367 192 366 357
4 361 360 0 359
4 398 38 397 44
4 426 13 12 425
4 386 25 381 382
4 143 532 529 140
4 452 451 79 453
4 457 83 459 458
4 507 508 515 129
4 499 500 120 498
4 483 482 484 104
4 484 485 486 107
4 157 152 551 546
4 451 80 450 79
4 474 475 101 473
4 15 372 365 364
4 458 457 84 456
4 575 565 170 574
4 582 348 177 581
4 361 353 184 360
4 456 85 455 454
4 514 513 131 512
4 61 421 420 432
4 136 506 517 518
4 445 444 74 446
4 433 419 63 421
4 159 558 557 556
4 525 10 526 137
4 581 580 175 582
4 371 190 369 370
4 374 20 373 363
4 474 96 473 95
4 506 516 508 125
4 526 527 10 525
4 453 454 77 452
4 431 420 61 430
4 514 507 130 513
4 536 537 146 535
4 406 41 402 40
4 387 24 382 29
4 573 574 171 572
4 446 447 71 445
4 486 487 106 485
4 419 69 434 70
4 558 559 165 557
4 88 462 461 460
4 381 27 379 380
4 543 544 149 542
4 490 491 496 116
4 354 186 362 353
4 438 437 68 436
4 523 522 520 132
4 470 471 96 472
4 525 526 524 137
4 75 442 443 441
4 546 545 150 552
4 111 109 489 494
4 60 430 429 431
4 466 92 93 465
4 550 551 157 549
4 175 3 580 579
4 414 55 412 413
4 521 520 135 519
4 10 9 527 528
4 369 191 368 190
4 422 50 418 417
4 529 531 530 138
4 401 43 400 41
4 358 181 345 346
4 565 576 170 174
4 572 168 573 571
4 501 502 119 500
4 504 503 118 502
4 557 558 159 165
4 443 444 74 441
4 477 100 476 475
4 569 577 4 578
4 373 18 363 20
4 483 102 482 104
4 80 449 447 448
4 477 98 100 478
4 359 1 358 346
4 496 491 497 115
4 409 45 405 403
4 556 159 160 555
4 417 422 57 423
4 150 152 546 552
4 385 35 384 33
4 575 574 170 171
4 531 529 532 140
4 378 23 376 377
4 428 58 60 429
4 481 97 479 480
4 509 510 123 505
4 465 466 92 467
4 345 181 182 347
4 74 75 443 441
4 386 25 382 24
4 425 12 426 427
4 422 57 50 417
4 488 112 106 487
4 399 397 43 398
4 383 385 32 393
4 494 489 111 495
4 547 154 548 553
4 534 536 142 535
4 491 496 116 115
4 531 529 140 138
4 571 168 166 564
4 433 70 419 434
4 405 48 404 46
4 394 383 39 393
4 49 407 402 406
4 506 517 516 127
4 152 551 546 552
4 343 344 539 144
4 133 520 521 522
4 362 184 353 186
4 548 153 554 553
4 402 40 49 406
4 410 56 409 403
4 127 506 517 136
4 360 0 184 361
4 499 115 498 114
4 366 189 356 357
4 172 577 569 568
4 4 3 569 578
4 576 565 566 174
4 36 389 391 390
4 351 180 349 350
4 173 566 565 174
4 562 563 561 162
4 146 142 536 535
4 109 108 493 492
4 147 541 543 542
4 516 506 127 125
4 397 44 43 398
4 508 507 125 129
4 18 15 365 364
4 457 84 83 458
4 63 70 419 433
4 478 98 97 479
4 581 175 177 582
4 445 74 72 446
4 61 421 63 420
4 379 28 377 27
4 459 82 88 460
4 145 538 537 146
4 84 85 456 454
4 168 573 171 572
4 371 190 370 16
4 133 520 522 132
4 381 27 380 25
4 409 56 45 403
4 367 192 357 191
4 135 133 520 521
4 32 39 383 393
4 498 499 114 120
4 154 153 548 553
4 157 156 550 549
4 389 36 31 390
4 469 89 90 468
4 358 181 346 1
4 149 147 543 542
4 445 72 71 446
4 131 512 511 122
4 87 93 463 464
4 474 101 95 473
4 455 85 77 454
4 4 172 577 569
4 53 51 415 416
4 378 23 377 28
4 503 118 124 504
4 366 189 357 192
4 484 482 107 104
4 351 180 350 183
4 354 186 353 187
4 359 1 346 0
4 374 20 363 21
4 239 238 237 843
4 199 200 198 842
4 225 226 224 836
4 262 260 261 835
4 251 250 249 844
4 263 262 261 835
4 263 264 262 835
4 201 200 199 842
4 265 264 263 835
4 265 267 266 841
4 228 226 227 836
4 203 202 201 840
4 227 226 225 836
4 240 238 239 843
4 219 218 217 839
4 197 199 198 842
4 267 268 266 841
4 198 196 197 842
4 219 220 218 839
4 203 204 202 840
4 205 204 203 840
4 235 234 233 837
4 249 250 248 844
4 213 212 211 838
4 200 201 202 840
4 213 215 214 838
4 214 212 213 838
4 417 854 848 849
4 851 348 253 845
4 851 253 348 350
4 57 425 426 424
4 426 425 57 13
4 847 500 118 503
4 847 118 500 119
4 502 118 500 503
4 502 500 118 119
4 542 846 6 342
4 6 846 542 147
4 6 541 542 342
4 542 541 6 147
4 121 846 123 122
4 121 123 846 847
4 511 123 846 122
4 850 447 855 848
4 850 855 447 450
4 562 845 164 559
4 164 845 562 162
4 164 561 562 559
4 562 561 164 162
4 654 313 201 316
4 201 313 654 503
4 201 500 654 316
4 654 500 201 503
4 340 642 209 478
4 340 209 642 339
4 475 209 642 478
4 475 642 209 339
4 294 685 259 564
4 294 259 685 293
4 562 259 685 564
4 562 685 259 293
4 849 390 29 31
4 849 29 390 388
4 389 29 390 31
4 389 390 29 388
4 162 845 563 161
4 162 563 845 562
4 564 563 845 161
4 564 845 563 562
4 693 350 251 347
4 251 350 693 286
4 251 285 693 347
4 693 285 251 286
4 489 847 112 487
4 112 847 489 111
4 112 488 489 487
4 851 350 178 180
4 851 178 350 348
4 349 178 350 180
4 349 350 178 348
4 849 384 32 383
4 849 32 384 33
4 385 32 384 383
4 385 384 32 33
4 845 569 173 172
4 845 173 569 567
4 568 173 569 172
4 568 569 173 567
4 598 597 852 273
4 852 597 598 383
4 400 849 235 402
4 26 849 25 24
4 26 25 849 851
4 382 25 849 24
4 397 849 235 400
4 851 21 376 375
4 376 21 851 23
4 376 377 851 375
4 851 377 376 23
4 834 205 241 221
4 244 241 205 221
4 741 222 204 220
4 741 204 222 224
4 244 835 261 260
4 205 244 835 265
4 205 835 244 260
4 203 265 834 205
4 203 834 265 201
4 263 245 834 265
4 263 834 245 261
4 835 244 263 265
4 835 263 244 261
4 244 245 263 265
4 244 263 245 261
4 259 245 834 261
4 259 834 245 257
4 260 244 259 261
4 244 245 259 261
4 741 260 246 248
4 741 246 260 244
4 258 257 248 256
4 258 741 248 260
4 248 741 258 256
4 741 206 220 204
4 256 257 844 255
4 844 257 256 248
4 844 254 256 255
4 196 271 194 195
4 196 197 271 195
4 271 197 196 269
4 231 837 237 235
4 837 234 236 235
4 837 236 237 235
4 210 209 205 208
4 270 271 196 269
4 196 271 270 194
4 259 258 248 260
4 248 258 259 257
4 259 248 246 260
4 246 248 259 257
4 259 246 244 260
4 255 253 844 254
4 250 844 252 254
4 250 252 844 251
4 844 253 252 254
4 844 252 253 251
4 224 223 244 221
4 224 244 223 225
4 244 223 241 221
4 244 241 223 225
4 241 223 834 221
4 241 834 223 225
4 244 243 205 241
4 244 205 243 245
4 834 205 243 241
4 834 243 205 245
4 846 546 267 544
4 846 267 546 265
4 297 267 546 544
4 297 546 267 265
4 851 346 251 347
4 834 814 851 815
4 834 851 814 849
4 850 847 797 848
4 834 847 797 796
4 834 797 847 848
4 808 834 851 807
4 851 834 808 845
4 196 741 266 264
4 741 198 264 196
4 842 264 198 196
4 741 210 216 208
4 205 216 210 208
4 205 210 216 214
4 256 741 250 248
4 256 844 250 254
4 250 844 256 248
4 236 723 724 238
4 724 723 236 741
4 711 214 210 212
4 711 710 210 741
4 210 710 711 212
4 720 230 721 741
4 720 721 230 232
4 234 230 721 232
4 250 730 731 252
4 731 730 250 741
4 731 254 250 252
4 194 270 701 272
4 740 701 270 272
4 740 270 701 741
4 847 205 209 207
4 847 209 205 834
4 796 847 91 795
4 849 231 235 233
4 478 98 847 97
4 99 847 98 97
4 846 271 195 193
4 851 247 845 249
4 851 845 247 849
4 834 247 845 849
4 227 228 236 229
4 236 228 227 836
4 234 229 236 230
4 236 229 234 837
4 851 187 356 355
4 356 187 851 189
4 356 357 851 355
4 851 357 356 189
4 248 844 247 249
4 844 251 247 249
4 711 712 210 214
4 711 210 712 741
4 216 210 712 214
4 216 712 210 741
4 731 732 250 254
4 731 250 732 741
4 256 250 732 254
4 256 732 250 741
4 701 702 270 194
4 701 270 702 741
4 196 270 702 194
4 196 702 270 741
4 721 722 230 234
4 721 230 722 741
4 236 230 722 234
4 236 722 230 741
4 242 725 236 741
4 724 236 725 741
4 851 26 814 849
4 851 814 26 22
4 842 265 199 201
4 265 834 199 201
4 834 847 199 201
4 219 205 834 221
4 219 834 848 221
4 214 212 205 210
4 205 212 214 838
4 212 209 205 210
4 205 209 212 838
4 212 211 209 210
4 209 211 212 838
4 478 100 847 98
4 99 847 100 98
4 199 846 834 197
4 199 834 846 847
4 94 847 100 99
4 94 100 847 850
4 241 834 227 229
4 227 834 241 225
4 834 849 227 229
4 846 834 267 265
4 846 267 834 269
4 231 237 849 235
4 852 849 853 243
4 852 853 849 851
4 245 853 849 243
4 852 375 241 243
4 278 241 375 243
4 213 847 855 215
4 213 855 847 850
4 848 855 847 215
4 848 847 855 850
4 229 849 415 231
4 853 247 849 851
4 853 849 247 245
4 848 223 439 221
4 285 249 346 251
4 851 346 249 251
4 417 854 337 424
4 852 280 377 380
4 375 853 277 243
4 277 853 375 363
4 288 249 346 285
4 235 274 397 275
4 495 489 112 488
4 495 112 489 111
4 855 319 213 215
4 849 417 229 415
4 417 854 57 848
4 417 57 854 424
4 426 854 57 424
4 854 12 428 426
4 13 854 12 848
4 13 12 854 426
4 57 854 13 848
4 57 13 854 426
4 852 380 849 382
4 852 849 380 851
4 25 849 380 382
4 25 380 849 851
4 69 848 436 68
4 69 436 848 435
4 437 436 848 68
4 437 848 436 435
4 854 60 430 428
4 58 854 60 848
4 58 60 854 428
4 12 854 58 848
4 12 58 854 428
4 60 854 61 848
4 60 61 854 430
4 420 854 61 430
4 417 50 848 57
4 52 848 50 57
4 854 61 63 420
4 63 61 854 848
4 63 419 854 420
4 854 419 63 848
4 848 441 221 439
4 417 51 848 50
4 417 848 51 849
4 52 848 51 50
4 52 51 848 849
4 324 437 223 439
4 848 223 437 439
4 209 475 847 478
4 209 847 475 850
4 100 847 475 478
4 100 475 847 850
4 324 435 223 437
4 848 223 435 437
4 848 435 223 854
4 848 445 221 441
4 334 221 445 441
4 848 447 221 445
4 334 221 447 445
4 395 849 235 397
4 235 274 395 397
4 851 360 249 346
4 288 249 360 346
4 845 803 155 151
4 845 155 803 802
4 772 155 803 151
4 772 803 155 802
4 854 849 834 848
4 854 223 834 225
4 834 223 854 848
4 251 845 247 249
4 247 845 251 834
4 838 213 209 211
4 838 209 213 215
4 847 209 213 211
4 847 213 209 215
4 851 353 249 360
4 851 249 353 853
4 288 249 353 360
4 288 353 249 853
4 319 461 213 463
4 319 213 461 855
4 850 213 461 463
4 850 461 213 855
4 323 435 223 324
4 323 223 435 854
4 618 338 428 607
4 618 428 338 854
4 426 428 338 607
4 426 338 428 854
4 334 219 447 221
4 334 447 219 855
4 848 447 219 221
4 848 219 447 855
4 849 237 395 235
4 849 395 237 852
4 274 395 237 235
4 274 237 395 852
4 229 231 234 837
4 233 231 234 232
4 233 234 231 837
4 840 260 244 224
4 244 260 840 205
4 204 840 222 224
4 840 221 222 224
4 840 244 221 224
4 221 244 840 205
4 201 842 840 200
4 842 840 198 264
4 842 198 840 200
4 198 840 262 264
4 198 262 840 200
4 741 198 262 264
4 741 262 198 200
4 204 840 220 222
4 221 220 840 222
4 835 265 203 205
4 201 840 262 203
4 835 201 262 203
4 265 201 835 203
4 245 259 246 244
4 245 246 259 257
4 267 834 199 265
4 842 267 199 265
4 842 265 835 264
4 835 265 842 201
4 842 835 262 264
4 262 835 842 201
4 842 262 840 264
4 840 262 842 201
4 842 264 266 265
4 266 264 842 196
4 842 266 841 265
4 841 266 842 196
4 842 841 267 265
4 267 841 842 196
4 205 208 218 216
4 741 218 208 216
4 248 246 844 257
4 248 844 246 247
4 245 834 255 257
4 245 255 834 247
4 844 245 255 257
4 844 255 245 247
4 246 245 844 257
4 246 844 245 247
4 214 216 838 215
4 214 838 216 205
4 838 217 209 215
4 216 217 838 215
4 206 204 840 220
4 840 204 206 205
4 840 221 219 220
4 219 221 840 205
4 840 839 218 220
4 218 839 840 205
4 840 219 839 220
4 839 219 840 205
4 846 271 197 195
4 269 197 846 271
4 269 846 197 834
4 270 741 266 196
4 266 741 270 268
4 269 270 267 196
4 267 270 269 268
4 270 841 267 196
4 267 841 270 268
4 270 266 841 196
4 841 266 270 268
4 253 844 247 255
4 253 247 844 251
4 834 253 247 255
4 834 247 253 251
4 845 253 834 255
4 845 834 253 251
4 240 227 241 242
4 244 225 836 242
4 244 836 225 224
4 236 244 836 242
4 741 244 236 242
4 511 199 847 505
4 847 199 511 846
4 847 123 511 505
4 511 123 847 846
4 847 797 81 850
4 847 81 797 796
4 86 847 81 850
4 86 81 847 796
4 91 847 86 850
4 91 86 847 796
4 260 840 741 224
4 202 840 741 200
4 741 204 840 202
4 840 204 741 224
4 840 260 203 205
4 840 203 260 262
4 835 203 260 205
4 835 260 203 262
4 262 741 840 200
4 262 840 741 260
4 244 741 226 224
4 226 836 244 224
4 741 228 244 226
4 741 244 228 236
4 836 244 228 226
4 836 228 244 236
4 242 836 227 225
4 242 227 836 240
4 836 238 227 236
4 227 238 836 240
4 725 724 238 236
4 238 724 725 240
4 836 242 238 236
4 238 242 836 240
4 242 725 238 236
4 238 725 242 240
4 741 220 208 218
4 208 220 741 206
4 840 205 208 218
4 208 205 840 206
4 220 840 208 218
4 208 840 220 206
4 557 295 263 555
4 263 295 557 261
4 263 845 557 555
4 557 845 263 261
4 240 241 843 239
4 241 237 843 239
4 241 849 237 239
4 241 237 849 834
4 231 230 234 232
4 234 230 231 229
4 217 848 209 215
4 847 209 848 215
4 847 848 209 834
4 209 839 838 205
4 209 838 839 217
4 838 839 216 205
4 838 216 839 217
4 216 839 218 205
4 216 218 839 217
4 219 839 209 205
4 219 209 839 217
4 834 219 209 205
4 848 219 209 834
4 209 219 848 217
4 843 241 227 229
4 227 241 843 240
4 843 238 227 240
4 227 236 843 229
4 227 843 236 238
4 237 236 843 238
4 849 227 417 854
4 849 417 227 229
4 337 417 227 854
4 337 227 417 229
4 225 241 242 244
4 225 242 241 227
4 227 834 854 849
4 854 834 227 225
4 196 269 842 267
4 842 269 196 197
4 269 199 842 267
4 842 199 269 197
4 269 834 199 267
4 199 834 269 197
4 236 837 843 229
4 236 843 837 237
4 231 849 834 229
4 231 834 849 237
4 241 231 834 229
4 241 834 231 237
4 843 231 241 229
4 843 241 231 237
4 837 231 843 229
4 837 843 231 237
4 852 375 278 241
4 278 375 852 377
4 278 280 852 241
4 852 280 278 377

CELL_TYPES 3879
5
5
5
5
5
5
5
5
5
5
5
5
5
5
5
5
5
5
5
5
5
5
5
5
5
5
5
5
5
5
5
5
5
5
5
5
5
5
5
5
5
5
5
5
5
5
5
5
5
5
5
5
5
5
5
5
5
5
5
5
5
5
5
5
5
5
5
5
5
5
5
5
5
5
5
5
5
5
5
5
5
5
5
5
5
5
5
5
5
5
5
5
5
5
5
5
5
5
5
5
5
5
5
5
5
5
5
5
5
5
5
5
5
5
5
5
5
5
5
5
5
5
5
5
5
5
5
5
5
5
5
5
5
5
5
5
5
5
5
5
5
5
5
5
5
5
5
5
5
5
5
5
5
5
5
5
5
5
5
5
5
5
5
5
5
5
5
5
5
5
5
5
5
5
5
5
5
5
5
5
5
5
5
5
5
5
5
5
5
5
5
5
5
5
5
5
5
5
5
5
5
5
5
5
5
5
5
5
5
5
5
5
5
5
5
5
5
5
5
5
5
5
5
5
5
5
5
5
5
5
5
5
5
5
5
5
5
5
5
5
5
5
5
5
5
5
5
5
5
5
5
5
5
5
5
5
5
5
5
5
5
5
5
5
5
5
5
5
5
5
5
5
5
5
5
5
5
5
5
5
5
5
5
5
5
5
5
5
5
5
5
5
5
5
5
5
5
5
5
5
5
5
5
5
5
5
5
5
5
5
5
5
5
5
5
5
5
5
5
5
5
5
5
5
5
5
5
5
5
5
5
5
5
5
5
5
5
5
5
5
5
5
5
5
5
5
5
5
5
5
5
5
5
5
5
5
5
5
5
5
5
5
5
5
5
5
5
5
5
5
5
5
5
5
5
5
5
5
5
5
5
5
5
5
5
5
5
5
5
5
5
5
5
5
5
5
5
5
5
5
5
5
5
5
5
5
5
5
5
5
5
5
5
5
5
5
5
5
5
5
5
5
5
5
5
5
5
5
5
5
5
5
5
5
5
5
5
5
5
5
5
5
5
5
5
5
5
5
5
5
5
5
5
5
5
5
5
5
5
5
5
5
5
5
5
5
5
5
5
5
5
5
5
5
5
5
5
5
5
5
5
5
5
5
5
5
5
5
5
5
5
5
5
5
5
5
5
5
5
5
5
5
5
5
5
5
5
5
5
5
5
5
5
5
5
5
5
5
5
5
5
5
5
5
5
5
5
5
5
5
5
5
5
5
5
5
5
5
5
5
5
5
5
5
5
5
5
5
5
5
5
5
5
5
5
5
5
5
5
5
5
5
5
5
5
5
5
5
5
5
5
5
5
5
5
5
5
5
5
5
5
5
5
5
5
5
5
5
5
5
5
5
5
5
5
5
5
5
5
5
5
5
5
5
5
5
5
5
5
5
5
5
5
5
5
5
5
5
5
5
5
5
5
5
5
5
5
5
5
5
5
5
5
5
5
5
5
5
5
5
5
5
5
5
5
5
5
5
5
5
5
5
5
5
5
5
5
5
5
5
5
5
5
5
5
5
5
5
5
5
5
5
5
5
5
5
5
5
5
5
5
5
5
5
5
5
5
5
5
5
5
5
5
5
5
5
5
5
5
5
5
5
5
5
5
5
5
5
5
5
5
5
5
5
5
5
5
5
5
5
5
5
5
5
5
5
5
5
5
5
5
5
5
5
5
5
5
5
5
5
5
5
5
5
5
5
5
5
5
5
5
5
5
5
5
5
5
5
5
5
5
5
5
5
5
5
5
5
5
5
5
5
5
5
5
5
5
5
5
5
5
5
5
5
5
5
5
5
5
5
5
5
5
5
5
5
5
5
5
5
5
5
5
5
5
5
5
5
5
5
5
5
5
5
5
5
5
5
5
5
5
5
5
5
5
5
5
5
5
5
5
5
5
5
5
5
5
5
5
5
5
5
5
5
5
5
5
5
5
5
5
5
5
5
5
5
5
5
5
5
5
5
5
5
5
5
5
5
5
5
5
5
5
5
5
5
5
5
5
5
5
5
5
5
5
5
5
5
5
5
5
5
5
5
5
5
5
5
5
5
5
5
5
5
5
5
5
5
5
5
5
5
5
5
5
5
5
5
5
5
5
5
5
5
5
5
5
5
5
5
5
5
5
5
5
5
5
5
5
5
5
5
5
5
5
5
5
5
5
5
5
5
5
5
5
5
5
5
5
5
5
5
5
5
5
5
5
5
5
5
5
5
5
5
5
5
5
5
5
5
5
5
5
5
5
5
5
5
5
5
5
5
5
5
5
5
5
5
5
5
5
5
5
5
5
5
5
5
5
5
5
5
5
5
5
5
5
5
5
5
5
5
5
5
5
5
5
5
5
5
5
5
5
5
5
5
5
5
5
5
5
5
5
5
5
5
5
5
5
5
5
5
5
5
5
5
5
5
5
5
5
5
5
5
5
5
5
5
5
5
5
5
5
5
5
5
5
5
5
5
5
5
5
5
5
5
5
5
5
5
5
5
5
5
5
5
5
5
5
5
5
5
5
5
5
5
5
5
5
5
5
5
5
5
5
5
5
5
5
5
5
5
5
5
5
5
5
5
5
5
5
5
5
5
5
5
5
5
5
5
5
5
5
5
5
5
5
5
5
5
5
5
5
5
5
5
5
5
5
5
5
5
5
5
5
5
5
5
5
5
5
5
5
5
5
5
5
5
5
5
5
5
5
5
5
5
5
5
5
5
5
5
5
5
5
5
5
5
5
5
5
5
5
5
5
5
5
5
5
5
5
5
5
5
5
5
5
5
5
5
5
5
5
5
5
5
5
5
5
5
5
5
5
5
5
5
5
5
5
5
5
5
5
5
5
5
5
5
5
5
5
5
5
5
5
5
5
5
5
5
5
5
5
5
5
5
5
5
5
5
5
5
5
5
5
5
5
5
5
5
5
5
5
5
5
5
5
5
5
5
5
5
5
5
5
5
5
5
5
5
5
5
5
5
5
5
5
5
5
5
5
5
5
5
5
5
5
5
5
5
5
5
5
5
5
5
5
5
5
5
5
5
5
5
5
5
5
5
5
5
5
5
5
5
5
5
5
5
5
5
5
5
5
5
5
5
5
5
5
5
5
5
5
5
5
5
5
5
5
5
5
5
5
5
5
5
5
5
5
5
5
5
5
5
5
5
5
5
5
5
5
5
5
5
5
5
5
5
5
5
5
5
5
5
5
5
5
5
5
5
5
5
5
5
5
5
5
5
5
5
5
5
5
5
5
5
5
5
5
5
5
5
5
5
5
5
5
5
5
5
5
5
5
5
5
5
5
5
5
5
5
5
5
5
5
5
5
5
5
5
5
5
5
5
5
5
5
5
5
5
5
5
5
5
5
5
5
5
5
5
5
5
5
5
5
5
5
5
5
5
5
5
5
5
5
5
5
5
5
5
5
5
5
5
5
5
5
5
5
5
5
5
5
5
5
5
5
5
5
5
5
5
5
5
5
5
5
5
5
5
5
5
5
5
5
5
5
5
5
5
5
5
5
5
5
5
5
5
5
5
5
5
5
5
5
5
5
5
5
5
5
5
5
5
5
5
5
5
5
5
5
5
5
5
5
5
5
5
5
5
5
5
5
5
5
5
5
5
5
5
5
5
5
5
5
5
5
5
5
5
5
5
5
5
5
5
5
5
5
5
5
5
5
5
5
5
5
5
5
5
5
5
5
5
5
5
5
5
5
5
5
5
5
5
5
5
5
5
5
5
5
5
5
5
5
5
5
5
5
5
5
5
5
5
5
5
5
5
5
5
5
5
5
5
5
5
10
10
10
10
10
10
10
10
10
10
10
10
10
10
10
10
10
10
10
10
10
10
10
10
10
10
10
10
10
10
10
10
10
10
10
10
10
10
10
10
10
10
10
10
10
10
10
10
10
10
10
10
10
10
10
10
10
10
10
10
10
10
10
10
10
10
10
10
10
10
10
10
10
10
10
10
10
10
10
10
10
10
10
10
10
10
10
10
10
10
10
10
10
10
10
10
10
10
10
10
10
10
10
10
10
10
10
10
10
10
10
10
10
10
10
10
10
10
10
10
10
10
10
10
10
10
10
10
10
10
10
10
10
10
10
10
10
10
10
10
10
10
10
10
10
10
10
10
10
10
10
10
10
10
10
10
10
10
10
10
10
10
10
10
10
10
10
10
10
10
10
10
10
10
10
10
10
10
10
10
10
10
10
10
10
10
10
10
10
10
10
10
10
10
10
10
10
10
10
10
10
10
10
10
10
10
10
10
10
10
10
10
10
10
10
10
10
10
10
10
10
10
10
10
10
10
10
10
10
10
10
10
10
10
10
10
10
10
10
10
10
10
10
10
10
10
10
10
10
10
10
10
10
10
10
10
10
10
10
10
10
10
10
10
10
10
10
10
10
10
10
10
10
10
10
10
10
10
10
10
10
10
10
10
10
10
10
10
10
10
10
10
10
10
10
10
10
10
10
10
10
10
10
10
10
10
10
10
10
10
10
10
10
10
10
10
10
10
10
10
10
10
10
10
10
10
10
10
10
10
10
10
10
10
10
10
10
10
10
10
10
10
10
10
10
10
10
10
10
10
10
10
10
10
10
10
10
10
10
10
10
10
10
10
10
10
10
10
10
10
10
10
10
10
10
10
10
10
10
10
10
10
10
10
10
10
10
10
10
10
10
10
10
10
10
10
10
10
10
10
10
10
10
10
10
10
10
10
10
10
10
10
10
10
10
10
10
10
10
10
10
10
10
10
10
10
10
10
10
10
10
10
10
10
10
10
10
10
10
10
10
10
10
10
10
10
10
10
10
10
10
10
10
10
10
10
10
10
10
10
10
10
10
10
10
10
10
10
10
10
10
10
10
10
10
10
10
10
10
10
10
10
10
10
10
10
10
10
10
10
10
10
10
10
10
10
10
10
10
10
10
10
10
10
10
10
10
10
10
10
10
10
10
10
10
10
10
10
10
10
10
10
10
10
10
10
10
10
10
10
10
10
10
10
10
10
10
10
10
10
10
10
10
10
10
10
10
10
10
10
10
10
10
10
10
10
10
10
10
10
10
10
10
10
10
10
10
10
10
10
10
10
10
10
10
10
10
10
10
10
10
10
10
10
10
10
10
10
10
10
10
10
10
10
10
10
10
10
10
10
10
10
10
10
10
10
10
10
10
10
10
10
10
10
10
10
10
10
10
10
10
10
10
10
10
10
10
10
10
10
10
10
10
10
10
10
10
10
10
10
10
10
10
10
10
10
10
10
10
10
10
10
10
10
10
10
10
10
10
10
10
10
10
10
10
10
10
10
10
10
10
10
10
10
10
10
10
10
10
10
10
10
10
10
10
10
10
10
10
10
10
10
10
10
10
10
10
10
10
10
10
10
10
10
10
10
10
10
10
10
10
10
10
10
10
10
10
10
10
10
10
10
10
10
10
10
10
10
10
10
10
10
10
10
10
10
10
10
10
10
10
10
10
10
10
10
10
10
10
10
10
10
10
10
10
10
10
10
10
10
10
10
10
10
10
10
10
10
10
10
10
10
10
10
10
10
10
10
10
10
10
10
10
10
10
10
10
10
10
10
10
10
10
10
10
10
10
10
10
10
10
10
10
10
10
10
10
10
10
10
10
10
10
10
10
10
10
10
10
10
10
10
10
10
10
10
10
10
10
10
10
10
10
10
10
10
10
10
10
10
10
10
10
10
10
10
10
10
10
10
10
10
10
10
10
10
10
10
10
10
10
10
10
10
10
10
10
10
10
10
10
10
10
10
10
10
10
10
10
10
10
10
10
10
10
10
10
10
10
10
10
10
10
10
10
10
10
10
10
10
10
10
10
10
10
10
10
10
10
10
10
10
10
10
10
10
10
10
10
10
10
10
10
10
10
10
10
10
10
10
10
10
10
10
10
10
10
10
10
10
10
10
10
10
10
10
10
10
10
10
10
10
10
10
10
10
10
10
10
10
10
10
10
10
10
10
10
10
10
10
10
10
10
10
10
10
10
10
10
10
10
10
10
10
10
10
10
10
10
10
10
10
10
10
10
10
10
10
10
10
10
10
10
10
10
10
10
10
10
10
10
10
10
10
10
10
10
10
10
10
10
10
10
10
10
10
10
10
10
10
10
10
10
10
10
10
10
10
10
10
10
10
10
10
10
10
10
10
10
10
10
10
10
10
10
10
10
10
10
10
10
10
10
10
10
10
10
10
10
10
10
10
10
10
10
10
10
10
10
10
10
10
10
10
10
10
10
10
10
10
10
10
10
10
10
10
10
10
10
10
10
10
10
10
10
10
10
10
10
10
10
10
10
10
10
10
10
10
10
10
10
10
10
10
10
10
10
10
10
10
10
10
10
10
10
10
10
10
10
10
10
10
10
10
10
10
10
10
10
10
10
10
10
10
10
10
10
10
10
10
10
10
10
10
10
10
10
10
10
10
10
10
10
10
10
10
10
10
10
10
10
10
10
10
10
10
10
10
10
10
10
10
10
10
10
10
10
10
10
10
10
10
10
10
10
10
10
10
10
10
10
10
10
10
10
10
10
10
10
10
10
10
10
10
10
10
10
10
10
10
10
10
10
10
10
10
10
10
10
10
10
10
10
10
10
10
10
10
10
10
10
10
10
10
10
10
10
10
10
10
10
10
10
10
10
10
10
10
10
10
10
10
10
10
10
10
10
10
10
10
10
10
10
10
10
10
10
10
10
10
10
10
10
10
10
10
10
10
10
10
10
10
10
10
10
10
10
10
10
10
10
10
10
10
10
10
10
10
10
10
10
10
10
10
10
10
10
10
10
10
10
10
10
10
10
10
10
10
10
10
10
10
10
10
10
10
10
10
10
10
10
10
10
10
10
10
10
10
10
10
10
10
10
10
10
10
10
10
10
10
10
10
10
10
10
10
10
10
10
10
10
10
10
10
10
10
10
10
10
10
10
10
10
10
10
10
10
10
10
10
10
10
10
10
10
10
10
10
10
10
10
10
10
10
10
10
10
10
10
10
10
10
10
10
10
10
10
10
10
10
10
10
10
10
10
10
10
10
10
10
10
10
10
10
10
10
10
10
10
10
10
10
10
10
10
10
10
10
10
10
10
10
10
10
10
10
10
10
10
10
10
10
10
10
10
10
10
10
10
10
10
10
10
10
10
10
10
10
10
10
10
10
10
10
10
10
10
10
10
10
10
10
10
10
10
10
10
10
10
10
10
10
10
10
10
10
10
10
10
10
10
10
10
10
10
10
10
10
10
10
10
10
10
10
10
10
10
10
10
10
10
10
10
10
10
10
10
10
10
10
10
10
10
10
10
10
10
10
10
10
10
10
10
10
10
10
10
10
10
10
10
10
10
10
10
10
10
10
10
10
10
10
10
10
10
10
10
10
10
10
10
10
10
10
10
10
10
10
10
10
10
10
10
10
10
10
10
10
10
10
10
10
10
10
10
10
10
10
10
10
10
10
10
10
10
10
10
10
10
10
10
10
10
10
10
10
10
10
10
10
10
10
10
10
10
10
10
10
10
10
10
10
10
10
10
10
10
10
10
10
10
10
10
10
10
10
10
10
10
10
10
10
10
10
10
10
10
10
10
10
10
10
10
10
10
10
10
10
10
10
10
10
10
10
10
10
10
10
10
10
10
10
10
10
10
10
10
10
10
10
10
10
10
10
10
10
10
10
10
10
10
10
10
10
10
10
10
10
10
10
10
10
10
10
10
10
10
10
10
10
10
10
10
10
10
10
10
10
10
10
10
10
10
10
10
10
10
10
10
10
10
10
10
10
10
10
10
10
10
10
10
10
10
10
10
10
10
10
10
10
10
10
10
10
10
10
10
10
10
10
10
10
10
10
10
10
10
10
10
10
10
10
10
10
10
10
10
10
10
10
10
10
10
10
10
10
10
10
10
10
10
10
10
10
10
10
10
10
10
10
10
10
10
10
10
10
10
10
10
10
10
10
10
10
10
10
10
10
10
10
10
10
10
10
10
10
10
10
10
10
10
10
10
10
10
10
10
10
10
10
10
10
10
10
10
10
10
10
10
10
10
10
10
10
10
10
10
10
10
10
10
10
10
10
10
10
10
10
10
10
10
10
10
10
10
10
10
10
10
10
10
10
10
10
10
10
10
10
10
10
10
10
10
10
10
10
10
10
10
10
10
10
10
10
10
10
10
10
10
10
10
10
10
10
10
10
10
10
10
10
10
10
10
10
10
10
10
10
10
10
10
10
10
10
10
10
10
10
10
10
10
10
10
10
10
10
10
10
10
10
10
10
10
10
10
10
10
10
10
10
10
10
10
10
10
10
10
10
10
10
10
10
10
10
10
10
10
10
10
10
10
10
10
10
10
10
10
10
10
10
10
10
10
10
10
10
10
10
10
10
10
10
10
10
10
10
10
10
10
10
10
10
10
10
10
10
10
10
10
10
10
10
10
10
10
10
10
10
10
10
10
10
10
10
10
10
10
10
10
10
10
10
10
10
10
10
10
10
10
10
10
10
10
10
10
10
10
10
10
10
10
10
10
10
10
10
10
10
10
10
10
10
10
10
10
10
10
10
10
10
10
10
10
10
10
10
10
10
10
10
10
10
10
10
10
10
10
10
10
10
10
10
10
10
10
10
10
10
10
10
10
10
10
10
10
10
10
10
10
10
10
10
10
10
10
10
10
10
10
10
10
10
10
10
10
10
10
10
10
10
10
10
10
10
10
10
10
10
10
10
10
10
10
10
10
10
10
10
10
10
10
10
10
10
10
10
10
10
10
10
10
10
10
10
10
10
10
10
10
10
10
10
10
